{
  "model": "efficientnet_b1",
  "config": "a1_resolution",
  "run": 1,
  "checkpoint": "finetune\\checkpoints\\efficientnet_b1_a1_resolution_run1_best.h5",
  "n_params": 6580363,
  "model_size_mb": 25.47,
  "inference_ms_per_image": 49.4461,
  "tta_augments": 10,
  "accuracy": 0.8122923588039868,
  "auc_macro": 0.9619964178091406,
  "f1_macro": 0.8159491254652971,
  "f1_weighted": 0.8128879542463957,
  "f1_per_class": {
    "Gerd": 0.7647058823529412,
    "Gerd_Normal": 0.7851002865329514,
    "Polyp": 0.8653061224489796,
    "Polyp_Normal": 0.8486842105263158
  },
  "precision_macro": 0.8234489891551747,
  "recall_macro": 0.8178952694929681,
  "confusion_matrix": [
    [
      117,
      41,
      1,
      4
    ],
    [
      15,
      137,
      2,
      1
    ],
    [
      4,
      4,
      106,
      6
    ],
    [
      7,
      12,
      16,
      129
    ]
  ],
  "accuracy_ci95": [
    0.7790697674418605,
    0.8438538205980066
  ],
  "auc_ci95": [
    0.9514443421781854,
    0.9714885235897066
  ],
  "f1_macro_ci95": [
    0.7833418983475949,
    0.8457568885180085
  ]
}