{
  "model": "efficientnet_b1",
  "config": "a2_cosine",
  "run": 1,
  "checkpoint": "finetune\\checkpoints\\efficientnet_b1_a2_cosine_run1_best.h5",
  "n_params": 6580363,
  "model_size_mb": 25.47,
  "inference_ms_per_image": 49.2115,
  "tta_augments": 10,
  "accuracy": 0.8554817275747508,
  "auc_macro": 0.969637653437702,
  "f1_macro": 0.8567181007867465,
  "f1_weighted": 0.8555006507313905,
  "f1_per_class": {
    "Gerd": 0.8391167192429022,
    "Gerd_Normal": 0.8456790123456791,
    "Polyp": 0.8760330578512396,
    "Polyp_Normal": 0.8660436137071651
  },
  "precision_macro": 0.8571225071745148,
  "recall_macro": 0.857679049232606,
  "confusion_matrix": [
    [
      133,
      21,
      2,
      7
    ],
    [
      13,
      137,
      1,
      4
    ],
    [
      3,
      4,
      106,
      7
    ],
    [
      5,
      7,
      13,
      139
    ]
  ],
  "accuracy_ci95": [
    0.8255813953488372,
    0.8837209302325582
  ],
  "auc_ci95": [
    0.9606470155341297,
    0.9779713250122644
  ],
  "f1_macro_ci95": [
    0.8262501455983768,
    0.8845690918490265
  ]
}