{
  "model": "efficientnet_b1",
  "config": "a6_adamw",
  "run": 3,
  "checkpoint": "finetune\\checkpoints\\efficientnet_b1_a6_adamw_run3_best.h5",
  "n_params": 7368587,
  "model_size_mb": 28.49,
  "inference_ms_per_image": 51.0959,
  "tta_augments": 10,
  "accuracy": 0.7790697674418605,
  "auc_macro": 0.9480282649016701,
  "f1_macro": 0.7806244838259457,
  "f1_weighted": 0.7788168749674911,
  "f1_per_class": {
    "Gerd": 0.7378640776699028,
    "Gerd_Normal": 0.7793696275071633,
    "Polyp": 0.8065843621399178,
    "Polyp_Normal": 0.7986798679867988
  },
  "precision_macro": 0.7872761025613119,
  "recall_macro": 0.7828193506554103,
  "confusion_matrix": [
    [
      114,
      45,
      2,
      2
    ],
    [
      15,
      136,
      1,
      3
    ],
    [
      5,
      4,
      98,
      13
    ],
    [
      12,
      9,
      22,
      121
    ]
  ],
  "accuracy_ci95": [
    0.7458056478405315,
    0.8122923588039868
  ],
  "auc_ci95": [
    0.93517974285137,
    0.9593577050630374
  ],
  "f1_macro_ci95": [
    0.7464534963418618,
    0.8148234957898309
  ]
}