{
  "model": "efficientnet_b1",
  "config": "baseline",
  "run": 3,
  "checkpoint": "finetune\\checkpoints\\efficientnet_b1_baseline_run3_best.h5",
  "n_params": 6580363,
  "model_size_mb": 25.47,
  "inference_ms_per_image": 48.9402,
  "tta_augments": 10,
  "accuracy": 0.8089700996677741,
  "auc_macro": 0.9576150164199675,
  "f1_macro": 0.8130766333022288,
  "f1_weighted": 0.8098824410670277,
  "f1_per_class": {
    "Gerd": 0.7697368421052632,
    "Gerd_Normal": 0.7762039660056658,
    "Polyp": 0.8653061224489796,
    "Polyp_Normal": 0.8410596026490066
  },
  "precision_macro": 0.8224990702585522,
  "recall_macro": 0.8148464890051632,
  "confusion_matrix": [
    [
      117,
      42,
      1,
      3
    ],
    [
      15,
      137,
      2,
      1
    ],
    [
      1,
      6,
      106,
      7
    ],
    [
      8,
      13,
      16,
      127
    ]
  ],
  "accuracy_ci95": [
    0.7774086378737541,
    0.8421926910299004
  ],
  "auc_ci95": [
    0.9470555698989708,
    0.967973972885657
  ],
  "f1_macro_ci95": [
    0.7822697154025686,
    0.8447462713250652
  ]
}