{
  "model": "efficientnet_b1",
  "config": "a2_cosine",
  "run": 3,
  "checkpoint": "finetune\\checkpoints\\efficientnet_b1_a2_cosine_run3_best.h5",
  "n_params": 6580363,
  "model_size_mb": 25.47,
  "inference_ms_per_image": 49.7816,
  "tta_augments": 10,
  "accuracy": 0.8122923588039868,
  "auc_macro": 0.9591723507059435,
  "f1_macro": 0.814732957264167,
  "f1_weighted": 0.8122544283248379,
  "f1_per_class": {
    "Gerd": 0.7873015873015873,
    "Gerd_Normal": 0.7927927927927928,
    "Polyp": 0.8537549407114624,
    "Polyp_Normal": 0.8250825082508251
  },
  "precision_macro": 0.8171682895299035,
  "recall_macro": 0.8186360553740111,
  "confusion_matrix": [
    [
      124,
      32,
      2,
      5
    ],
    [
      17,
      132,
      3,
      3
    ],
    [
      2,
      4,
      108,
      6
    ],
    [
      9,
      10,
      20,
      125
    ]
  ],
  "accuracy_ci95": [
    0.7807308970099668,
    0.8438538205980066
  ],
  "auc_ci95": [
    0.9477398598108504,
    0.9701202144292218
  ],
  "f1_macro_ci95": [
    0.7823374677672816,
    0.8452017752787904
  ]
}