{
  "model": "efficientnet_b1",
  "config": "baseline",
  "run": 1,
  "checkpoint": "finetune\\checkpoints\\efficientnet_b1_baseline_run1_best.h5",
  "n_params": 6580363,
  "model_size_mb": 25.47,
  "inference_ms_per_image": 48.8141,
  "tta_augments": 10,
  "accuracy": 0.813953488372093,
  "auc_macro": 0.9614667877233555,
  "f1_macro": 0.816063864256333,
  "f1_weighted": 0.8140047157994158,
  "f1_per_class": {
    "Gerd": 0.7857142857142857,
    "Gerd_Normal": 0.8023255813953488,
    "Polyp": 0.8477366255144032,
    "Polyp_Normal": 0.8284789644012944
  },
  "precision_macro": 0.8211996208632037,
  "recall_macro": 0.8178687518000254,
  "confusion_matrix": [
    [
      121,
      37,
      1,
      4
    ],
    [
      14,
      138,
      1,
      2
    ],
    [
      1,
      5,
      103,
      11
    ],
    [
      9,
      9,
      18,
      128
    ]
  ],
  "accuracy_ci95": [
    0.7823504983388704,
    0.8471760797342193
  ],
  "auc_ci95": [
    0.9513120955372804,
    0.9713439138296126
  ],
  "f1_macro_ci95": [
    0.7840794213282558,
    0.8474244610021865
  ]
}