{
  "model": "efficientnet_b1",
  "config": "a1_resolution",
  "run": 3,
  "checkpoint": "finetune\\checkpoints\\efficientnet_b1_a1_resolution_run3_best.h5",
  "n_params": 6580363,
  "model_size_mb": 25.47,
  "inference_ms_per_image": 49.3987,
  "tta_augments": 10,
  "accuracy": 0.8106312292358804,
  "auc_macro": 0.9597178316964063,
  "f1_macro": 0.8147966576270028,
  "f1_weighted": 0.8114769966584712,
  "f1_per_class": {
    "Gerd": 0.7707641196013288,
    "Gerd_Normal": 0.7774647887323944,
    "Polyp": 0.8688524590163934,
    "Polyp_Normal": 0.8421052631578947
  },
  "precision_macro": 0.8249260335270152,
  "recall_macro": 0.8164500401435837,
  "confusion_matrix": [
    [
      116,
      44,
      0,
      3
    ],
    [
      15,
      138,
      1,
      1
    ],
    [
      1,
      5,
      106,
      8
    ],
    [
      6,
      13,
      17,
      128
    ]
  ],
  "accuracy_ci95": [
    0.7790697674418605,
    0.8438538205980066
  ],
  "auc_ci95": [
    0.949167622488835,
    0.9698397248343834
  ],
  "f1_macro_ci95": [
    0.783473710402792,
    0.8459907148553211
  ]
}