{
  "model": "efficientnet_b1",
  "config": "a4_augstack",
  "run": 3,
  "checkpoint": "finetune\\checkpoints\\efficientnet_b1_a4_augstack_run3_best.h5",
  "n_params": 6580363,
  "model_size_mb": 25.47,
  "inference_ms_per_image": 50.2411,
  "tta_augments": 10,
  "accuracy": 0.8122923588039868,
  "auc_macro": 0.9575047450490266,
  "f1_macro": 0.8153848243036047,
  "f1_weighted": 0.8125113274438688,
  "f1_per_class": {
    "Gerd": 0.7667731629392972,
    "Gerd_Normal": 0.7916666666666666,
    "Polyp": 0.8606557377049181,
    "Polyp_Normal": 0.842443729903537
  },
  "precision_macro": 0.8181843214919188,
  "recall_macro": 0.8170103307380788,
  "confusion_matrix": [
    [
      120,
      34,
      3,
      6
    ],
    [
      19,
      133,
      1,
      2
    ],
    [
      3,
      4,
      105,
      8
    ],
    [
      8,
      10,
      15,
      131
    ]
  ],
  "accuracy_ci95": [
    0.782392026578073,
    0.8438538205980066
  ],
  "auc_ci95": [
    0.9470061901192407,
    0.9675455000727777
  ],
  "f1_macro_ci95": [
    0.7853555365664964,
    0.8456150102122245
  ]
}