{
  "model": "efficientnet_b1",
  "config": "a6_adamw",
  "run": 1,
  "checkpoint": "finetune\\checkpoints\\efficientnet_b1_a6_adamw_run1_best.h5",
  "n_params": 7368587,
  "model_size_mb": 28.49,
  "inference_ms_per_image": 50.9282,
  "tta_augments": 10,
  "accuracy": 0.7973421926910299,
  "auc_macro": 0.9556956983798885,
  "f1_macro": 0.8001274138554506,
  "f1_weighted": 0.7974669049700481,
  "f1_per_class": {
    "Gerd": 0.7615894039735098,
    "Gerd_Normal": 0.777142857142857,
    "Polyp": 0.8421052631578948,
    "Polyp_Normal": 0.819672131147541
  },
  "precision_macro": 0.8075491218556528,
  "recall_macro": 0.8029506539623085,
  "confusion_matrix": [
    [
      115,
      45,
      0,
      3
    ],
    [
      15,
      136,
      1,
      3
    ],
    [
      1,
      5,
      104,
      10
    ],
    [
      8,
      9,
      22,
      125
    ]
  ],
  "accuracy_ci95": [
    0.7657807308970099,
    0.8305647840531561
  ],
  "auc_ci95": [
    0.943907655396187,
    0.9660917134598078
  ],
  "f1_macro_ci95": [
    0.7671458637015907,
    0.8312778456182527
  ]
}