{
  "model": "mobilenetv3_small",
  "config": "a5_richhead",
  "run": 3,
  "checkpoint": "finetune\\checkpoints\\mobilenetv3_small_a5_richhead_run3_best.h5",
  "n_params": 1122548,
  "model_size_mb": 4.48,
  "inference_ms_per_image": 44.5942,
  "tta_augments": 10,
  "accuracy": 0.7840531561461794,
  "auc_macro": 0.954328708072594,
  "f1_macro": 0.7848809219889621,
  "f1_weighted": 0.7837882045292717,
  "f1_per_class": {
    "Gerd": 0.777027027027027,
    "Gerd_Normal": 0.7774647887323944,
    "Polyp": 0.8015267175572518,
    "Polyp_Normal": 0.7835051546391752
  },
  "precision_macro": 0.7979340172823097,
  "recall_macro": 0.791491501064328,
  "confusion_matrix": [
    [
      115,
      44,
      1,
      3
    ],
    [
      13,
      138,
      3,
      1
    ],
    [
      1,
      5,
      105,
      9
    ],
    [
      4,
      13,
      33,
      114
    ]
  ],
  "accuracy_ci95": [
    0.7508305647840532,
    0.8173172757475083
  ],
  "auc_ci95": [
    0.942887282006557,
    0.9651263134794765
  ],
  "f1_macro_ci95": [
    0.7509730478642942,
    0.8176306511656425
  ]
}