{
  "model": "mobilenetv3_small",
  "config": "full",
  "run": 2,
  "checkpoint": "finetune\\checkpoints\\mobilenetv3_small_full_run2_best.h5",
  "n_params": 1122548,
  "model_size_mb": 4.48,
  "inference_ms_per_image": 46.8967,
  "tta_augments": 10,
  "accuracy": 0.760797342192691,
  "auc_macro": 0.9516983631810918,
  "f1_macro": 0.764326524233095,
  "f1_weighted": 0.7602618065472231,
  "f1_per_class": {
    "Gerd": 0.6816479400749065,
    "Gerd_Normal": 0.7249357326478149,
    "Polyp": 0.8298755186721992,
    "Polyp_Normal": 0.8208469055374594
  },
  "precision_macro": 0.7962823161686798,
  "recall_macro": 0.7673964110509897,
  "confusion_matrix": [
    [
      91,
      68,
      1,
      3
    ],
    [
      10,
      141,
      2,
      2
    ],
    [
      1,
      7,
      100,
      12
    ],
    [
      2,
      18,
      18,
      126
    ]
  ],
  "accuracy_ci95": [
    0.7242524916943521,
    0.7956810631229236
  ],
  "auc_ci95": [
    0.9400190477797717,
    0.9621188156957902
  ],
  "f1_macro_ci95": [
    0.7274710482690894,
    0.7987507822530017
  ]
}