{
  "model": "mobilenetv3_small",
  "config": "baseline",
  "run": 1,
  "checkpoint": "finetune\\checkpoints\\mobilenetv3_small_baseline_run1_best.h5",
  "n_params": 941428,
  "model_size_mb": 3.78,
  "inference_ms_per_image": 47.0941,
  "tta_augments": 10,
  "accuracy": 0.7641196013289037,
  "auc_macro": 0.9569325796159551,
  "f1_macro": 0.7670208537358529,
  "f1_weighted": 0.7637861430303502,
  "f1_per_class": {
    "Gerd": 0.6985294117647058,
    "Gerd_Normal": 0.731578947368421,
    "Polyp": 0.8200836820083681,
    "Polyp_Normal": 0.817891373801917
  },
  "precision_macro": 0.7929818063136426,
  "recall_macro": 0.7691876877456683,
  "confusion_matrix": [
    [
      95,
      62,
      2,
      4
    ],
    [
      11,
      139,
      2,
      3
    ],
    [
      0,
      8,
      98,
      14
    ],
    [
      3,
      16,
      17,
      128
    ]
  ],
  "accuracy_ci95": [
    0.7275747508305648,
    0.7956810631229236
  ],
  "auc_ci95": [
    0.9455083734056164,
    0.968173649656872
  ],
  "f1_macro_ci95": [
    0.7301159910666034,
    0.7980799825356482
  ]
}