{
  "model": "mobilenetv3_small",
  "config": "a5_richhead",
  "run": 1,
  "checkpoint": "finetune\\checkpoints\\mobilenetv3_small_a5_richhead_run1_best.h5",
  "n_params": 1122548,
  "model_size_mb": 4.48,
  "inference_ms_per_image": 44.7117,
  "tta_augments": 10,
  "accuracy": 0.7790697674418605,
  "auc_macro": 0.9564225826665206,
  "f1_macro": 0.7823841101170601,
  "f1_weighted": 0.779269027570057,
  "f1_per_class": {
    "Gerd": 0.7407407407407407,
    "Gerd_Normal": 0.7528089887640449,
    "Polyp": 0.832,
    "Polyp_Normal": 0.8039867109634551
  },
  "precision_macro": 0.7926934669717108,
  "recall_macro": 0.7859585748786441,
  "confusion_matrix": [
    [
      110,
      48,
      2,
      3
    ],
    [
      17,
      134,
      1,
      3
    ],
    [
      2,
      4,
      104,
      10
    ],
    [
      5,
      15,
      23,
      121
    ]
  ],
  "accuracy_ci95": [
    0.7458471760797342,
    0.813953488372093
  ],
  "auc_ci95": [
    0.945118140240418,
    0.9667966702494476
  ],
  "f1_macro_ci95": [
    0.7498013923756447,
    0.8160899106727127
  ]
}