{
  "model": "mobilenetv3_small",
  "config": "a3_mixup",
  "run": 3,
  "checkpoint": "finetune\\checkpoints\\mobilenetv3_small_a3_mixup_run3_best.h5",
  "n_params": 941428,
  "model_size_mb": 3.78,
  "inference_ms_per_image": 53.0371,
  "tta_augments": 10,
  "accuracy": 0.7524916943521595,
  "auc_macro": 0.9597236506816584,
  "f1_macro": 0.7532721960590023,
  "f1_weighted": 0.7499872756970591,
  "f1_per_class": {
    "Gerd": 0.6867924528301886,
    "Gerd_Normal": 0.7376623376623377,
    "Polyp": 0.8029197080291971,
    "Polyp_Normal": 0.7857142857142857
  },
  "precision_macro": 0.7930274358619009,
  "recall_macro": 0.7654524037076904,
  "confusion_matrix": [
    [
      91,
      65,
      5,
      2
    ],
    [
      9,
      142,
      3,
      1
    ],
    [
      0,
      7,
      110,
      3
    ],
    [
      2,
      16,
      36,
      110
    ]
  ],
  "accuracy_ci95": [
    0.7142857142857143,
    0.7840946843853821
  ],
  "auc_ci95": [
    0.9492742717073547,
    0.9693702086294895
  ],
  "f1_macro_ci95": [
    0.7138725592210853,
    0.7851838221238834
  ]
}