{
  "model": "mobilenetv3_small",
  "config": "a1_resolution",
  "run": 2,
  "checkpoint": "finetune\\checkpoints\\mobilenetv3_small_a1_resolution_run2_best.h5",
  "n_params": 941428,
  "model_size_mb": 3.78,
  "inference_ms_per_image": 47.359,
  "tta_augments": 10,
  "accuracy": 0.7740863787375415,
  "auc_macro": 0.9562370058046626,
  "f1_macro": 0.7778960483101419,
  "f1_weighted": 0.7743402818506694,
  "f1_per_class": {
    "Gerd": 0.7259786476868327,
    "Gerd_Normal": 0.7440633245382586,
    "Polyp": 0.8346456692913385,
    "Polyp_Normal": 0.8068965517241379
  },
  "precision_macro": 0.8033718175165336,
  "recall_macro": 0.7830480645000394,
  "confusion_matrix": [
    [
      102,
      57,
      1,
      3
    ],
    [
      12,
      141,
      2,
      0
    ],
    [
      0,
      8,
      106,
      6
    ],
    [
      4,
      18,
      25,
      117
    ]
  ],
  "accuracy_ci95": [
    0.7375415282392026,
    0.8073089700996677
  ],
  "auc_ci95": [
    0.9442345569158772,
    0.9671368529724601
  ],
  "f1_macro_ci95": [
    0.7424393981260993,
    0.809297029675285
  ]
}