{
  "model": "mobilenetv3_small",
  "config": "a5_richhead",
  "run": 2,
  "checkpoint": "finetune\\checkpoints\\mobilenetv3_small_a5_richhead_run2_best.h5",
  "n_params": 1122548,
  "model_size_mb": 4.48,
  "inference_ms_per_image": 44.6019,
  "tta_augments": 10,
  "accuracy": 0.7674418604651163,
  "auc_macro": 0.9537902827924879,
  "f1_macro": 0.7710018440524692,
  "f1_weighted": 0.7669964747802496,
  "f1_per_class": {
    "Gerd": 0.7050359712230214,
    "Gerd_Normal": 0.741514360313316,
    "Polyp": 0.8333333333333334,
    "Polyp_Normal": 0.8041237113402061
  },
  "precision_macro": 0.7979238296403921,
  "recall_macro": 0.7764426650673592,
  "confusion_matrix": [
    [
      98,
      61,
      1,
      3
    ],
    [
      11,
      142,
      2,
      0
    ],
    [
      2,
      6,
      105,
      7
    ],
    [
      4,
      19,
      24,
      117
    ]
  ],
  "accuracy_ci95": [
    0.7325581395348837,
    0.8007059800664452
  ],
  "auc_ci95": [
    0.9423187856091297,
    0.9640945002325306
  ],
  "f1_macro_ci95": [
    0.7367956586042906,
    0.8042824857810973
  ]
}