{
  "model": "mobilenetv3_small",
  "config": "baseline",
  "run": 3,
  "checkpoint": "finetune\\checkpoints\\mobilenetv3_small_baseline_run3_best.h5",
  "n_params": 941428,
  "model_size_mb": 3.78,
  "inference_ms_per_image": 46.8169,
  "tta_augments": 10,
  "accuracy": 0.7807308970099668,
  "auc_macro": 0.9594345621070142,
  "f1_macro": 0.7817571324488075,
  "f1_weighted": 0.7790137477931653,
  "f1_per_class": {
    "Gerd": 0.7279411764705882,
    "Gerd_Normal": 0.7692307692307693,
    "Polyp": 0.8230769230769232,
    "Polyp_Normal": 0.8067796610169491
  },
  "precision_macro": 0.8085231736844244,
  "recall_macro": 0.7900305642305384,
  "confusion_matrix": [
    [
      99,
      58,
      2,
      4
    ],
    [
      7,
      145,
      2,
      1
    ],
    [
      0,
      6,
      107,
      7
    ],
    [
      3,
      13,
      29,
      119
    ]
  ],
  "accuracy_ci95": [
    0.7458471760797342,
    0.8123338870431894
  ],
  "auc_ci95": [
    0.948764494052972,
    0.9688625542469287
  ],
  "f1_macro_ci95": [
    0.7471046133137533,
    0.8130069798679922
  ]
}