{
  "model": "mobilenetv3_small",
  "config": "a6_adamw",
  "run": 3,
  "checkpoint": "finetune\\checkpoints\\mobilenetv3_small_a6_adamw_run3_best.h5",
  "n_params": 1122548,
  "model_size_mb": 4.48,
  "inference_ms_per_image": 44.7892,
  "tta_augments": 10,
  "accuracy": 0.7657807308970099,
  "auc_macro": 0.9523925924726959,
  "f1_macro": 0.7673788095088989,
  "f1_weighted": 0.7656753058040393,
  "f1_per_class": {
    "Gerd": 0.7508771929824561,
    "Gerd_Normal": 0.7547169811320755,
    "Polyp": 0.7936507936507938,
    "Polyp_Normal": 0.7702702702702704
  },
  "precision_macro": 0.7866023624220345,
  "recall_macro": 0.7720307021989674,
  "confusion_matrix": [
    [
      107,
      52,
      1,
      3
    ],
    [
      12,
      140,
      1,
      2
    ],
    [
      0,
      7,
      100,
      13
    ],
    [
      3,
      17,
      30,
      114
    ]
  ],
  "accuracy_ci95": [
    0.7325581395348837,
    0.8023255813953488
  ],
  "auc_ci95": [
    0.9405683524841955,
    0.963196592151834
  ],
  "f1_macro_ci95": [
    0.7336867981263765,
    0.8022868787082944
  ]
}