{
  "model": "mobilenetv3_small",
  "config": "a4_augstack",
  "run": 2,
  "checkpoint": "finetune\\checkpoints\\mobilenetv3_small_a4_augstack_run2_best.h5",
  "n_params": 941428,
  "model_size_mb": 3.78,
  "inference_ms_per_image": 44.5175,
  "tta_augments": 10,
  "accuracy": 0.7740863787375415,
  "auc_macro": 0.9568150623602112,
  "f1_macro": 0.7770615873468032,
  "f1_weighted": 0.7741289212345787,
  "f1_per_class": {
    "Gerd": 0.7414965986394558,
    "Gerd_Normal": 0.75,
    "Polyp": 0.823529411764706,
    "Polyp_Normal": 0.7932203389830509
  },
  "precision_macro": 0.790376300709572,
  "recall_macro": 0.7820235081308858,
  "confusion_matrix": [
    [
      109,
      48,
      2,
      4
    ],
    [
      16,
      135,
      2,
      2
    ],
    [
      1,
      6,
      105,
      8
    ],
    [
      5,
      16,
      26,
      117
    ]
  ],
  "accuracy_ci95": [
    0.7408637873754153,
    0.8056893687707641
  ],
  "auc_ci95": [
    0.9457610539927431,
    0.9670424772939448
  ],
  "f1_macro_ci95": [
    0.74353682585285,
    0.8077452300295117
  ]
}