{
  "model": "mobilenetv3_small",
  "config": "a6_adamw",
  "run": 1,
  "checkpoint": "finetune\\checkpoints\\mobilenetv3_small_a6_adamw_run1_best.h5",
  "n_params": 1122548,
  "model_size_mb": 4.48,
  "inference_ms_per_image": 44.3432,
  "tta_augments": 10,
  "accuracy": 0.8056478405315615,
  "auc_macro": 0.9543985585395254,
  "f1_macro": 0.8087906634378568,
  "f1_weighted": 0.8066891446764086,
  "f1_per_class": {
    "Gerd": 0.7974276527331191,
    "Gerd_Normal": 0.7710144927536231,
    "Polyp": 0.8455284552845528,
    "Polyp_Normal": 0.8211920529801324
  },
  "precision_macro": 0.815446346968086,
  "recall_macro": 0.8103912350225817,
  "confusion_matrix": [
    [
      124,
      36,
      0,
      3
    ],
    [
      18,
      133,
      1,
      3
    ],
    [
      0,
      8,
      104,
      8
    ],
    [
      6,
      13,
      21,
      124
    ]
  ],
  "accuracy_ci95": [
    0.7724252491694352,
    0.8372093023255814
  ],
  "auc_ci95": [
    0.9424131345743866,
    0.9650937320551403
  ],
  "f1_macro_ci95": [
    0.7759820376448264,
    0.8393528346734089
  ]
}