{
  "model": "mobilenetv3_small",
  "config": "a6_adamw",
  "run": 2,
  "checkpoint": "finetune\\checkpoints\\mobilenetv3_small_a6_adamw_run2_best.h5",
  "n_params": 1122548,
  "model_size_mb": 4.48,
  "inference_ms_per_image": 44.9827,
  "tta_augments": 10,
  "accuracy": 0.7657807308970099,
  "auc_macro": 0.9537425079451978,
  "f1_macro": 0.7668972501788562,
  "f1_weighted": 0.7649970423724904,
  "f1_per_class": {
    "Gerd": 0.734982332155477,
    "Gerd_Normal": 0.7588075880758808,
    "Polyp": 0.7952755905511811,
    "Polyp_Normal": 0.7785234899328859
  },
  "precision_macro": 0.7850688148044822,
  "recall_macro": 0.7725615890262405,
  "confusion_matrix": [
    [
      104,
      53,
      3,
      3
    ],
    [
      11,
      140,
      2,
      2
    ],
    [
      1,
      5,
      101,
      13
    ],
    [
      4,
      16,
      28,
      116
    ]
  ],
  "accuracy_ci95": [
    0.7308970099667774,
    0.7973837209302326
  ],
  "auc_ci95": [
    0.9425303618364794,
    0.964199327933599
  ],
  "f1_macro_ci95": [
    0.7326874737045975,
    0.7995937307434057
  ]
}