{
  "model": "efficientnet_b1",
  "display_name": "EfficientNet-B1 (pretrained)",
  "run": 3,
  "checkpoint": "checkpoints\\efficientnet_b1_run3_best.h5",
  "n_params": 6580363,
  "model_size_mb": 25.47,
  "inference_ms_per_image": 73.1826,
  "accuracy": 0.7840531561461794,
  "auc_macro": 0.9433749132637108,
  "f1_macro": 0.7850953319411536,
  "f1_weighted": 0.783016137508298,
  "f1_per_class": {
    "Gerd": 0.7652733118971061,
    "Gerd_Normal": 0.7865853658536586,
    "Polyp": 0.8136882129277566,
    "Polyp_Normal": 0.7748344370860927
  },
  "precision_macro": 0.7864491572866792,
  "recall_macro": 0.7918501787555972,
  "confusion_matrix": [
    [
      119,
      31,
      5,
      8
    ],
    [
      21,
      129,
      1,
      4
    ],
    [
      3,
      1,
      107,
      9
    ],
    [
      5,
      12,
      30,
      117
    ]
  ]
}