{
  "model": "efficientnet_b0",
  "run": 1,
  "run_seed": 42,
  "best_val_acc": 0.7799999713897705,
  "test_metrics": {
    "loss": 0.6307553648948669,
    "accuracy": 0.7774086594581604,
    "auc": 0.9294254779815674
  },
  "phases": [
    {
      "loss": [
        1.1815768480300903,
        1.028006672859192,
        0.976369321346283,
        0.9626846313476562,
        0.9431475400924683,
        0.9513980150222778,
        0.9277288913726807,
        0.9221492409706116,
        0.9125509858131409,
        0.9066662788391113,
        0.9005674719810486,
        0.9090569019317627,
        0.8910008668899536,
        0.8751651048660278,
        0.8803569078445435,
        0.8885582685470581,
        0.8747932314872742,
        0.8707690834999084,
        0.8700251579284668,
        0.8764636516571045,
        0.8716398477554321,
        0.8678609728813171,
        0.8691427111625671,
        0.8637884855270386,
        0.8646230697631836,
        0.8655110597610474,
        0.8583292961120605,
        0.8580751419067383,
        0.8565645813941956,
        0.8619990944862366
      ],
      "accuracy": [
        0.4810984432697296,
        0.5984308123588562,
        0.6348074078559875,
        0.6590585112571716,
        0.6497859954833984,
        0.6569187045097351,
        0.6726105809211731,
        0.6829529404640198,
        0.6800998449325562,
        0.6779600381851196,
        0.6804565191268921,
        0.6872325539588928,
        0.7043509483337402,
        0.7043509483337402,
        0.7011412382125854,
        0.699714720249176,
        0.7093437910079956,
        0.7118402123451233,
        0.7075605988502502,
        0.7018544673919678,
        0.7193295359611511,
        0.7200428247451782,
        0.7061340808868408,
        0.7207560539245605,
        0.7164764404296875,
        0.714336633682251,
        0.7261055707931519,
        0.71897292137146,
        0.7243223786354065,
        0.7139800190925598
      ],
      "auc": [
        0.7686847448348999,
        0.8522284626960754,
        0.8752889037132263,
        0.8816875219345093,
        0.8869861364364624,
        0.8853143453598022,
        0.8929388523101807,
        0.8964365720748901,
        0.8997994661331177,
        0.901307225227356,
        0.902625322341919,
        0.9013091325759888,
        0.9074217081069946,
        0.9120102524757385,
        0.9116156697273254,
        0.9088020920753479,
        0.9131755232810974,
        0.916057288646698,
        0.9146451950073242,
        0.9124893546104431,
        0.9149459600448608,
        0.916303813457489,
        0.9153002500534058,
        0.917303740978241,
        0.91798996925354,
        0.9160947203636169,
        0.9192882776260376,
        0.9197053909301758,
        0.9200259447097778,
        0.9170087575912476
      ],
      "val_loss": [
        1.009277105331421,
        0.9870416522026062,
        0.9984732866287231,
        0.9902372360229492,
        0.959607720375061,
        0.9374716281890869,
        0.9151124954223633,
        0.9354563355445862,
        0.920302152633667,
        0.9269125461578369,
        0.9138734936714172,
        0.8965715765953064,
        0.8984137177467346,
        0.9167857766151428,
        0.9418944120407104,
        0.9712334275245667,
        0.920598030090332,
        0.9400866627693176,
        0.909735918045044,
        0.9109207391738892,
        0.8979008197784424,
        0.9217729568481445,
        0.9111548066139221,
        0.9027727246284485,
        0.9059295654296875,
        0.9070879220962524,
        0.9026811718940735,
        0.9070898294448853,
        0.907683789730072,
        0.9064012765884399
      ],
      "val_accuracy": [
        0.6233333349227905,
        0.6549999713897705,
        0.6349999904632568,
        0.621666669845581,
        0.6650000214576721,
        0.6666666865348816,
        0.6783333420753479,
        0.6600000262260437,
        0.6816666722297668,
        0.6616666913032532,
        0.6733333468437195,
        0.6733333468437195,
        0.6866666674613953,
        0.6933333277702332,
        0.6483333110809326,
        0.6316666603088379,
        0.6866666674613953,
        0.6566666960716248,
        0.675000011920929,
        0.6650000214576721,
        0.6949999928474426,
        0.6633333563804626,
        0.675000011920929,
        0.6833333373069763,
        0.6816666722297668,
        0.6833333373069763,
        0.6883333325386047,
        0.675000011920929,
        0.6800000071525574,
        0.6866666674613953
      ],
      "val_auc": [
        0.8610208630561829,
        0.8735837936401367,
        0.8675855994224548,
        0.870814859867096,
        0.8843037486076355,
        0.8915421366691589,
        0.9003679752349854,
        0.8932629823684692,
        0.8987902998924255,
        0.8959559798240662,
        0.8999878764152527,
        0.9059253931045532,
        0.9056528210639954,
        0.9000536799430847,
        0.8912263512611389,
        0.8814712762832642,
        0.8993092775344849,
        0.8914399147033691,
        0.9021435976028442,
        0.9012625813484192,
        0.9062268733978271,
        0.8975828886032104,
        0.9018370509147644,
        0.9048990607261658,
        0.9033064842224121,
        0.9031036496162415,
        0.9045560359954834,
        0.9027962684631348,
        0.9027050733566284,
        0.90329909324646
      ],
      "lr": [
        0.0010000000474974513,
        0.0010000000474974513,
        0.0010000000474974513,
        0.0010000000474974513,
        0.0010000000474974513,
        0.0010000000474974513,
        0.0010000000474974513,
        0.0010000000474974513,
        0.0010000000474974513,
        0.0010000000474974513,
        0.0010000000474974513,
        0.0010000000474974513,
        0.0010000000474974513,
        0.0010000000474974513,
        0.0010000000474974513,
        0.0010000000474974513,
        0.0005000000237487257,
        0.0005000000237487257,
        0.0005000000237487257,
        0.0005000000237487257,
        0.0002500000118743628,
        0.0002500000118743628,
        0.0002500000118743628,
        0.0002500000118743628,
        0.0001250000059371814,
        0.0001250000059371814,
        0.0001250000059371814,
        0.0001250000059371814,
        6.25000029685907e-05,
        6.25000029685907e-05
      ]
    },
    {
      "loss": [
        0.959905743598938,
        0.8259291052818298,
        0.792304515838623,
        0.7316805720329285,
        0.7198647856712341,
        0.6732480525970459,
        0.6451621651649475,
        0.6306034326553345,
        0.6213119626045227,
        0.5906943678855896,
        0.5721164345741272,
        0.551166296005249,
        0.5397403836250305,
        0.5228278636932373,
        0.5213123559951782,
        0.5163527727127075,
        0.5005427002906799,
        0.5043346285820007,
        0.4901617169380188,
        0.48498401045799255,
        0.4789230227470398,
        0.46625784039497375,
        0.4650923013687134,
        0.4576632082462311,
        0.45442959666252136,
        0.46014130115509033,
        0.45017075538635254
      ],
      "accuracy": [
        0.6522824764251709,
        0.7368045449256897,
        0.7646219730377197,
        0.7985021471977234,
        0.8056347966194153,
        0.8423680663108826,
        0.8566333651542664,
        0.8666191101074219,
        0.8708987236022949,
        0.8823109865188599,
        0.9001426696777344,
        0.9179742932319641,
        0.9236804842948914,
        0.9350927472114563,
        0.9336661696434021,
        0.9372325539588928,
        0.9500713348388672,
        0.945078432559967,
        0.9479315280914307,
        0.9582738876342773,
        0.9600570797920227,
        0.9625535011291504,
        0.9650499224662781,
        0.9696861505508423,
        0.97218257188797,
        0.9654065370559692,
        0.9700428247451782
      ],