{
  "model": "efficientnet_b0",
  "run": 3,
  "run_seed": 44,
  "best_val_acc": 0.7933333516120911,
  "test_metrics": {
    "loss": 0.6140289306640625,
    "accuracy": 0.7990033030509949,
    "auc": 0.9330645799636841
  },
  "phases": [
    {
      "loss": [
        1.1788960695266724,
        1.028100848197937,
        0.9869617819786072,
        0.9706143140792847,
        0.9522808790206909,
        0.9265912771224976,
        0.9283323884010315,
        0.921759307384491,
        0.9077147841453552,
        0.9092928767204285,
        0.8965665698051453,
        0.8933501839637756,
        0.8954499363899231,
        0.8971081972122192,
        0.880498468875885,
        0.8891679644584656,
        0.8870364427566528,
        0.891991376876831,
        0.8792556524276733,
        0.872830867767334,
        0.8714269399642944,
        0.8723312616348267,
        0.8671669363975525,
        0.857833206653595
      ],
      "accuracy": [
        0.4857346713542938,
        0.5955777168273926,
        0.6333808898925781,
        0.6455064415931702,
        0.6572753190994263,
        0.6793866157531738,
        0.6726105809211731,
        0.6758202314376831,
        0.6911554932594299,
        0.6854493618011475,
        0.6943652033805847,
        0.6986448168754578,
        0.7000713348388672,
        0.7018544673919678,
        0.7154065370559692,
        0.6911554932594299,
        0.7025677561759949,
        0.6940085887908936,
        0.702924370765686,
        0.7061340808868408,
        0.7064907550811768,
        0.7121968865394592,
        0.7072039842605591,
        0.7043509483337402
      ],
      "auc": [
        0.7697397470474243,
        0.8515753149986267,
        0.8699542284011841,
        0.8769518136978149,
        0.884641706943512,
        0.8948503136634827,
        0.8933499455451965,
        0.8965457677841187,
        0.9018547534942627,
        0.9013519883155823,
        0.9050326347351074,
        0.907329797744751,
        0.9059342741966248,
        0.9063228964805603,
        0.9117056727409363,
        0.907489001750946,
        0.908706784248352,
        0.9070636034011841,
        0.9113709330558777,
        0.9136064052581787,
        0.9143760800361633,
        0.9147470593452454,
        0.9157167673110962,
        0.9192081689834595
      ],
      "val_loss": [
        1.0678688287734985,
        0.9865765571594238,
        0.9867638349533081,
        0.9807785153388977,
        0.9744704961776733,
        0.9754631519317627,
        0.9388446807861328,
        0.9413293600082397,
        0.9179216623306274,
        0.9316235184669495,
        0.9053847193717957,
        0.892687976360321,
        0.9025920629501343,
        0.8941388130187988,
        0.8904749751091003,
        0.9577648043632507,
        0.9080105423927307,
        0.9251390695571899,
        0.901964545249939,
        0.9077316522598267,
        0.8943249583244324,
        0.9123541116714478,
        0.8870888352394104,
        0.8832949995994568
      ],
      "val_accuracy": [
        0.5816666483879089,
        0.625,
        0.6316666603088379,
        0.6349999904632568,
        0.6366666555404663,
        0.6466666460037231,
        0.6683333516120911,
        0.6650000214576721,
        0.6816666722297668,
        0.6666666865348816,
        0.6883333325386047,
        0.6933333277702332,
        0.6949999928474426,
        0.70333331823349,
        0.7016666531562805,
        0.6366666555404663,
        0.6866666674613953,
        0.6583333611488342,
        0.6800000071525574,
        0.6766666769981384,
        0.6916666626930237,
        0.6683333516120911,
        0.6949999928474426,
        0.6883333325386047
      ],
      "val_auc": [
        0.8337805867195129,
        0.8706282377243042,
        0.8715559840202332,
        0.8747194409370422,
        0.8771829009056091,
        0.8779879212379456,
        0.8914480805397034,
        0.8905327916145325,
        0.8988555073738098,
        0.8931426405906677,
        0.9019458293914795,
        0.9073628783226013,
        0.9031328558921814,
        0.9080651998519897,
        0.9089134931564331,
        0.8856750130653381,
        0.9021642804145813,
        0.8946088552474976,
        0.9041976928710938,
        0.9021281599998474,
        0.9066949486732483,
        0.9000796675682068,
        0.9090750217437744,
        0.9108694195747375
      ],
      "lr": [
        0.0010000000474974513,
        0.0010000000474974513,
        0.0010000000474974513,
        0.0010000000474974513,
        0.0010000000474974513,
        0.0010000000474974513,
        0.0010000000474974513,
        0.0010000000474974513,
        0.0010000000474974513,
        0.0010000000474974513,
        0.0010000000474974513,
        0.0010000000474974513,
        0.0010000000474974513,
        0.0010000000474974513,
        0.0010000000474974513,
        0.0010000000474974513,
        0.0010000000474974513,
        0.0010000000474974513,
        0.0010000000474974513,
        0.0005000000237487257,
        0.0005000000237487257,
        0.0005000000237487257,
        0.0005000000237487257,
        0.0005000000237487257
      ]
    },
    {
      "loss": [
        0.9592840671539307,
        0.8348746299743652,
        0.776409924030304,
        0.7572484016418457,
        0.7080861926078796,
        0.6775668859481812,
        0.6397868394851685,
        0.6165085434913635,
        0.6096044182777405,
        0.5789546966552734,
        0.5717114210128784,
        0.5438826680183411,
        0.539400041103363,
        0.5302820801734924,
        0.5148661136627197,
        0.5111557841300964,
        0.5037775039672852,
        0.4919162392616272,
        0.4939560294151306,
        0.46958670020103455,
        0.47269347310066223,
        0.46405795216560364,
        0.46266981959342957,
        0.45893704891204834,
        0.45397675037384033,
        0.45444223284721375,
        0.44649815559387207,
        0.4420146346092224,
        0.44345414638519287,
        0.44010496139526367
      ],
      "accuracy": [
        0.6455064415931702,
        0.7310984134674072,
        0.7721112966537476,
        0.7942225337028503,
        0.8234664797782898,
        0.8405848741531372,
        0.85948646068573,
        0.8694722056388855,
        0.8773181438446045,
        0.898359477519989,
        0.9037089943885803,
        0.9201140999794006,
        0.9251070022583008,
        0.9197574853897095,
        0.9350927472114563,
        0.9354493618011475,
        0.941868782043457,
        0.9514978528022766,
        0.9479315280914307,
        0.9632667899131775,
        0.9618402123451233,
        0.9675463438034058,
        0.9650499224662781,
        0.9668331146240234,
        0.9739657640457153,
        0.9707560539245605,
        0.976818859577179,
        0.9782453775405884,
        0.9775320887565613,
        0.9807417988777161
      ],
      "auc": [
        0.8814550042152405,
        0.9248761534690857,
        0.9432041049003601,
        0.9488524198532104,
        0.9602178335189819,
        0.9682683944702148,
        0.9754502773284912,
        0.9798102378845215,
        0.9814486503601074,
        0.9861229658126831,
        0.9865386486053467,
        0.9909212589263916,
        0.9911129474639893,
        0.9919949769973755,
        0.9937759041786194,
        0.9942429065704346,
        0.9948532581329346,
        0.9958809614181519,
        0.9953998327255249,
        0.997785210609436,
        0.9969404935836792,
        0.9977536201477051,
        0.9979532957077026,
        0.998451828956604,
        0.9983835220336914,
        0.9984011650085449,
        0.998900830745697,
        0.9991937279701233,
        0.9991284608840942,
        0.9993178844451904
      ],