{
  "model": "efficientnet_b1",
  "display_name": "EfficientNet-B1 (pretrained)",
  "run": 2,
  "checkpoint": "checkpoints\\efficientnet_b1_run2_best.h5",
  "n_params": 6580363,
  "model_size_mb": 25.47,
  "inference_ms_per_image": 72.3619,
  "accuracy": 0.7906976744186046,
  "auc_macro": 0.9391459372016703,
  "f1_macro": 0.7922142290913238,
  "f1_weighted": 0.7904648079523383,
  "f1_per_class": {
    "Gerd": 0.7852760736196319,
    "Gerd_Normal": 0.7658227848101266,
    "Polyp": 0.8217054263565892,
    "Polyp_Normal": 0.7960526315789473
  },
  "precision_macro": 0.7923076312413468,
  "recall_macro": 0.7967648615730171,
  "confusion_matrix": [
    [
      128,
      26,
      3,
      6
    ],
    [
      27,
      121,
      3,
      4
    ],
    [
      3,
      2,
      106,
      9
    ],
    [
      5,
      12,
      26,
      121
    ]
  ]
}