{
  "model": "efficientnet_b1",
  "run": 2,
  "run_seed": 43,
  "best_val_acc": 0.8116666674613953,
  "test_metrics": {
    "loss": 0.6033058166503906,
    "accuracy": 0.7906976938247681,
    "auc": 0.9367175698280334
  },
  "phases": [
    {
      "loss": [
        1.1851143836975098,
        1.044124722480774,
        1.0044065713882446,
        0.9825372695922852,
        0.9724612832069397,
        0.9543103575706482,
        0.9310474991798401,
        0.9351334571838379,
        0.9361729621887207,
        0.926952064037323,
        0.9148495197296143,
        0.9151352643966675,
        0.9153417348861694,
        0.9027003645896912,
        0.9033650755882263,
        0.8999996781349182,
        0.9143202304840088,
        0.9097100496292114,
        0.8949205279350281,
        0.8963666558265686,
        0.893709123134613,
        0.8942010998725891,
        0.8791769742965698,
        0.8802933692932129,
        0.8798525333404541,
        0.8824326395988464,
        0.8779654502868652
      ],
      "accuracy": [
        0.48787447810173035,
        0.5884450674057007,
        0.6144793033599854,
        0.6369472146034241,
        0.6430099606513977,
        0.6487160921096802,
        0.6669044494628906,
        0.6694008708000183,
        0.6633380651473999,
        0.6679742932319641,
        0.6776034235954285,
        0.6708273887634277,
        0.6726105809211731,
        0.6772468090057373,
        0.6879457831382751,
        0.695078432559967,
        0.6808131337165833,
        0.6833095550537109,
        0.6833095550537109,
        0.6961483359336853,
        0.6982881426811218,
        0.6904422044754028,
        0.7011412382125854,
        0.6979315280914307,
        0.7047075629234314,
        0.6965050101280212,
        0.7132667899131775
      ],
      "auc": [
        0.7668020129203796,
        0.8430572748184204,
        0.8632962107658386,
        0.8719123601913452,
        0.8768377900123596,
        0.8829673528671265,
        0.8919162154197693,
        0.8906441926956177,
        0.8910293579101562,
        0.8939200639724731,
        0.897914469242096,
        0.8980112671852112,
        0.8974791169166565,
        0.903053879737854,
        0.9029210209846497,
        0.9044147729873657,
        0.897554874420166,
        0.9004847407341003,
        0.9055416584014893,
        0.9057509899139404,
        0.9070193767547607,
        0.9062813520431519,
        0.9109951257705688,
        0.9108564257621765,
        0.9118955135345459,
        0.9100375175476074,
        0.9121381044387817
      ],
      "val_loss": [
        1.0752170085906982,
        1.037306308746338,
        1.0552797317504883,
        0.9699070453643799,
        0.9847705364227295,
        0.9503751397132874,
        0.9135625958442688,
        0.9282238483428955,
        0.905057966709137,
        0.9965028166770935,
        0.924453616142273,
        0.909428596496582,
        0.8964514136314392,
        0.9167516231536865,
        0.9788209199905396,
        0.9915271997451782,
        0.8835044503211975,
        0.9259452223777771,
        0.8890805840492249,
        0.9045786261558533,
        0.9084237813949585,
        0.9354605078697205,
        0.9067187309265137,
        0.9071036577224731,
        0.9232366681098938,
        0.8981952667236328,
        0.9187692403793335
      ],
      "val_accuracy": [
        0.574999988079071,
        0.5849999785423279,
        0.5566666722297668,
        0.628333330154419,
        0.6266666650772095,
        0.628333330154419,
        0.6850000023841858,
        0.6549999713897705,
        0.6883333325386047,
        0.596666693687439,
        0.6566666960716248,
        0.6700000166893005,
        0.6883333325386047,
        0.6650000214576721,
        0.5983333587646484,
        0.6183333396911621,
        0.6916666626930237,
        0.6499999761581421,
        0.6883333325386047,
        0.6650000214576721,
        0.6683333516120911,
        0.6566666960716248,
        0.6766666769981384,
        0.675000011920929,
        0.6566666960716248,
        0.6916666626930237,
        0.6633333563804626
      ],
      "val_auc": [
        0.8312588334083557,
        0.849052369594574,
        0.8437620997428894,
        0.876580536365509,
        0.8734963536262512,
        0.8840129375457764,
        0.8994763493537903,
        0.89278244972229,
        0.9015517830848694,
        0.8669360876083374,
        0.8939490914344788,
        0.8993486166000366,
        0.9045101404190063,
        0.8962013721466064,
        0.8730727434158325,
        0.8699322938919067,
        0.9094810485839844,
        0.892380952835083,
        0.906482458114624,
        0.9008551239967346,
        0.8998764157295227,
        0.889958381652832,
        0.9001282453536987,
        0.8999037146568298,
        0.8937883973121643,
        0.9032371044158936,
        0.8949602246284485
      ],
      "lr": [
        0.0010000000474974513,
        0.0010000000474974513,
        0.0010000000474974513,
        0.0010000000474974513,
        0.0010000000474974513,
        0.0010000000474974513,
        0.0010000000474974513,
        0.0010000000474974513,
        0.0010000000474974513,
        0.0010000000474974513,
        0.0010000000474974513,
        0.0010000000474974513,
        0.0010000000474974513,
        0.0010000000474974513,
        0.0010000000474974513,
        0.0010000000474974513,
        0.0010000000474974513,
        0.0010000000474974513,
        0.0010000000474974513,
        0.0010000000474974513,
        0.0010000000474974513,
        0.0005000000237487257,
        0.0005000000237487257,
        0.0005000000237487257,
        0.0005000000237487257,
        0.0002500000118743628,
        0.0002500000118743628
      ]
    },
    {
      "loss": [
        0.9518678188323975,
        0.834731936454773,
        0.7636605501174927,
        0.7138811945915222,
        0.6789401173591614,
        0.6407747864723206,
        0.6206086874008179,
        0.5827575922012329,
        0.5702018141746521,
        0.5450218915939331,
        0.532421886920929,
        0.5249007940292358,
        0.507598340511322,
        0.4880312383174896,
        0.4770256578922272,
        0.4759628474712372,
        0.4656471014022827,
        0.4542958438396454,
        0.4619448482990265,
        0.45758673548698425,
        0.4421120285987854,
        0.4400682747364044,
        0.43761688470840454,
        0.43175363540649414,
        0.42874374985694885,
        0.4292127192020416,
        0.4247252345085144,
        0.42760032415390015,
        0.42470258474349976,
        0.4244893193244934
      ],
      "accuracy": [
        0.6515691876411438,
        0.7425106763839722,
        0.7849500775337219,
        0.8102710247039795,
        0.8270328044891357,
        0.8598430752754211,
        0.8791012763977051,
        0.8955064415931702,
        0.9040656089782715,
        0.9179742932319641,
        0.9204707741737366,
        0.9300998449325562,
        0.9365192651748657,
        0.9536376595497131,
        0.9589871764183044,
        0.9597004055976868,
        0.9650499224662781,
        0.9718259572982788,
        0.9639800190925598,
        0.9636234045028687,
        0.9750356674194336,
        0.9786019921302795,
        0.9796718955039978,
        0.9807417988777161,
        0.9821683168411255,
        0.9839515089988708,
        0.9839515089988708,
        0.9875178337097168,
        0.9832382202148438,
        0.9853780269622803
      ],