{
  "model": "efficientnet_b0",
  "display_name": "EfficientNet-B0 (pretrained)",
  "run": 1,
  "checkpoint": "checkpoints\\efficientnet_b0_run1_best.h5",
  "n_params": 4054695,
  "model_size_mb": 15.73,
  "inference_ms_per_image": 53.0624,
  "accuracy": 0.7774086378737541,
  "auc_macro": 0.9323786260930224,
  "f1_macro": 0.7802329548553166,
  "f1_weighted": 0.7774598732024177,
  "f1_per_class": {
    "Gerd": 0.7555555555555555,
    "Gerd_Normal": 0.7544910179640718,
    "Polyp": 0.824,
    "Polyp_Normal": 0.7868852459016393
  },
  "precision_macro": 0.7825442183655428,
  "recall_macro": 0.7832513064765518,
  "confusion_matrix": [
    [
      119,
      36,
      2,
      6
    ],
    [
      22,
      126,
      3,
      4
    ],
    [
      1,
      5,
      103,
      11
    ],
    [
      10,
      12,
      22,
      120
    ]
  ]
}