{
  "model": "efficientnet_b0",
  "run": 2,
  "run_seed": 43,
  "best_val_acc": 0.7699999809265137,
  "test_metrics": {
    "loss": 0.6343616247177124,
    "accuracy": 0.7558139562606812,
    "auc": 0.9298962950706482
  },
  "phases": [
    {
      "loss": [
        1.153757095336914,
        1.0298664569854736,
        0.9852139949798584,
        0.9567508101463318,
        0.9467641115188599,
        0.9351273775100708,
        0.9265760183334351,
        0.9193891882896423,
        0.9086101651191711,
        0.9062431454658508,
        0.8930962681770325,
        0.9058755040168762,
        0.891345202922821,
        0.891818642616272,
        0.8733818531036377,
        0.8716908097267151,
        0.8821337819099426,
        0.8761534690856934,
        0.876298189163208,
        0.8733739256858826,
        0.8675950765609741,
        0.8635267019271851,
        0.8604876399040222
      ],
      "accuracy": [
        0.49964335560798645,
        0.6009272336959839,
        0.6237517595291138,
        0.6462196707725525,
        0.6629814505577087,
        0.667617678642273,
        0.6679742932319641,
        0.6893723011016846,
        0.6783167123794556,
        0.6943652033805847,
        0.7047075629234314,
        0.6758202314376831,
        0.695078432559967,
        0.7000713348388672,
        0.6968616247177124,
        0.7097004055976868,
        0.7093437910079956,
        0.7050641775131226,
        0.7057774662971497,
        0.7018544673919678,
        0.7179030179977417,
        0.7125535011291504,
        0.714336633682251
      ],
      "auc": [
        0.7842703461647034,
        0.8510550856590271,
        0.8703896999359131,
        0.8830313682556152,
        0.8860524892807007,
        0.8910576701164246,
        0.893166720867157,
        0.8971523642539978,
        0.9003519415855408,
        0.9021724462509155,
        0.906029999256134,
        0.9010099768638611,
        0.9074583649635315,
        0.9068992137908936,
        0.9130069613456726,
        0.9140138030052185,
        0.911182165145874,
        0.9138794541358948,
        0.9126002788543701,
        0.9129554629325867,
        0.9161400198936462,
        0.9164113402366638,
        0.9178318977355957
      ],
      "val_loss": [
        0.9943937063217163,
        0.9944079518318176,
        0.9704636931419373,
        0.9516950249671936,
        0.9444387555122375,
        0.9279791116714478,
        0.9131393432617188,
        0.9319796562194824,
        0.9102580547332764,
        0.9356656670570374,
        0.9219194650650024,
        0.891933262348175,
        0.8869279026985168,
        0.9268441796302795,
        0.9331810474395752,
        0.9424186944961548,
        0.895408034324646,
        0.9235836863517761,
        0.9024347066879272,
        0.8936513066291809,
        0.9052812457084656,
        0.9013703465461731,
        0.8998342156410217
      ],
      "val_accuracy": [
        0.6299999952316284,
        0.6299999952316284,
        0.6416666507720947,
        0.6600000262260437,
        0.6700000166893005,
        0.675000011920929,
        0.6866666674613953,
        0.6616666913032532,
        0.6933333277702332,
        0.6633333563804626,
        0.6783333420753479,
        0.6866666674613953,
        0.7016666531562805,
        0.6449999809265137,
        0.6483333110809326,
        0.6449999809265137,
        0.6966666579246521,
        0.6666666865348816,
        0.6866666674613953,
        0.6766666769981384,
        0.6816666722297668,
        0.6833333373069763,
        0.6866666674613953
      ],
      "val_auc": [
        0.8664347529411316,
        0.8708310127258301,
        0.8781870603561401,
        0.8861324191093445,
        0.8904092907905579,
        0.8951074481010437,
        0.9008879661560059,
        0.8941870927810669,
        0.9027319550514221,
        0.8928939700126648,
        0.8972296714782715,
        0.9072583317756653,
        0.9099133610725403,
        0.8955698609352112,
        0.8942921161651611,
        0.8907347321510315,
        0.9074879884719849,
        0.8970249891281128,
        0.9051153063774109,
        0.9077861309051514,
        0.9036926031112671,
        0.9050305485725403,
        0.905609667301178
      ],
      "lr": [
        0.0010000000474974513,
        0.0010000000474974513,
        0.0010000000474974513,
        0.0010000000474974513,
        0.0010000000474974513,
        0.0010000000474974513,
        0.0010000000474974513,
        0.0010000000474974513,
        0.0010000000474974513,
        0.0010000000474974513,
        0.0010000000474974513,
        0.0010000000474974513,
        0.0010000000474974513,
        0.0010000000474974513,
        0.0010000000474974513,
        0.0010000000474974513,
        0.0010000000474974513,
        0.0005000000237487257,
        0.0005000000237487257,
        0.0005000000237487257,
        0.0005000000237487257,
        0.0002500000118743628,
        0.0002500000118743628
      ]
    },
    {
      "loss": [
        0.945701003074646,
        0.8393874168395996,
        0.8003050088882446,
        0.7304111123085022,
        0.7070249915122986,
        0.6670040488243103,
        0.6522780060768127,
        0.6189846992492676,
        0.5925528407096863,
        0.5877896547317505,
        0.555476725101471,
        0.548399031162262,
        0.5387409329414368,
        0.5313956141471863,
        0.5351845622062683,
        0.5349881052970886,
        0.5176964402198792,
        0.5143747925758362,
        0.5061252117156982,
        0.5104895830154419,
        0.5098534822463989,
        0.5041037201881409,
        0.4961812198162079,
        0.5041535496711731,
        0.5033493041992188,
        0.512664794921875
      ],
      "accuracy": [
        0.6572753190994263,
        0.737874448299408,
        0.75,
        0.804564893245697,
        0.8191868662834167,
        0.843794584274292,
        0.8512839078903198,
        0.8733951449394226,
        0.8919400572776794,
        0.8969329595565796,
        0.9169044494628906,
        0.9233238101005554,
        0.9222539067268372,
        0.9361626505851746,
        0.9222539067268372,
        0.9286733269691467,
        0.9336661696434021,
        0.9358059763908386,
        0.9425820112228394,
        0.9436519145965576,
        0.9379457831382751,
        0.9411554932594299,
        0.9482881426811218,
        0.9422253966331482,
        0.9447218179702759,
        0.9400855898857117
      ],
      "auc": [
        0.8867496252059937,
        0.9252733588218689,
        0.9359230399131775,
        0.9552780985832214,
        0.9614593386650085,
        0.9697065949440002,
        0.973456621170044,
        0.9789467453956604,
        0.9838632345199585,
        0.9845422506332397,
        0.9893399477005005,
        0.9901580810546875,
        0.9922026991844177,
        0.9922484755516052,
        0.9913002252578735,
        0.9917329549789429,
        0.9937185049057007,
        0.9944840669631958,
        0.9943540692329407,
        0.9938628077507019,
        0.9943655729293823,
        0.9952970743179321,
        0.9963502287864685,
        0.9950997829437256,
        0.995060384273529,
        0.9939499497413635
      ],
      "val_loss": [
        0.981340229511261,
        0.8942663669586182,
        0.8607596755027771,
        0.8188650012016296,
        0.8096698522567749,
        0.8050450086593628,
        0.8244718313217163,
        0.8345348834991455,
        0.8105415105819702,
        0.8104358315467834,
        0.8162979483604431,
        0.8133639693260193,
        0.8286752700805664,
        0.8324438333511353,
        0.8159015774726868,
        0.8090518712997437,
        0.8276367783546448,
        0.8267396688461304,
        0.827507495880127,
        0.824227511882782,
        0.8317745923995972,
        0.8232350945472717,
        0.8295879364013672,
        0.8269548416137695,
        0.8279226422309875,
        0.8247058391571045
      ],