{
  "model": "efficientnet_b1",
  "run": 3,
  "run_seed": 44,
  "best_val_acc": 0.8183333277702332,
  "test_metrics": {
    "loss": 0.5898864269256592,
    "accuracy": 0.7840531468391418,
    "auc": 0.9393185973167419
  },
  "phases": [
    {
      "loss": [
        1.1958541870117188,
        1.0433037281036377,
        0.9941211938858032,
        0.9772210717201233,
        0.9636698961257935,
        0.9424190521240234,
        0.9421885013580322,
        0.931878924369812,
        0.915770947933197,
        0.914743185043335,
        0.9194855690002441,
        0.9252086281776428,
        0.9185473918914795,
        0.8997830748558044,
        0.9006625413894653,
        0.8943445682525635,
        0.9113465547561646,
        0.8900116682052612,
        0.8829655051231384,
        0.8848354816436768,
        0.8887684941291809,
        0.8860850930213928,
        0.8845459222793579,
        0.879087507724762
      ],
      "accuracy": [
        0.48644793033599854,
        0.5927246809005737,
        0.6276747584342957,
        0.6412268280982971,
        0.6387304067611694,
        0.6622681617736816,
        0.667617678642273,
        0.667617678642273,
        0.6776034235954285,
        0.6850927472114563,
        0.6722539067268372,
        0.6779600381851196,
        0.6790299415588379,
        0.6907988786697388,
        0.6936519145965576,
        0.6897289752960205,
        0.6804565191268921,
        0.7025677561759949,
        0.6936519145965576,
        0.7025677561759949,
        0.6986448168754578,
        0.7007845640182495,
        0.6968616247177124,
        0.6972182393074036
      ],
      "auc": [
        0.7616538405418396,
        0.84403395652771,
        0.8676885962486267,
        0.8738617897033691,
        0.8798306584358215,
        0.8881024122238159,
        0.8880488276481628,
        0.8921014666557312,
        0.8982862234115601,
        0.8991373181343079,
        0.8965994715690613,
        0.8957175016403198,
        0.8978433609008789,
        0.9042192697525024,
        0.903404712677002,
        0.9065241813659668,
        0.89892578125,
        0.9086393713951111,
        0.9092109203338623,
        0.9104182720184326,
        0.907831609249115,
        0.9091511368751526,
        0.909217894077301,
        0.9108457565307617
      ],
      "val_loss": [
        1.047330617904663,
        0.9831465482711792,
        1.0417289733886719,
        0.9967899322509766,
        0.9448770880699158,
        0.9339689016342163,
        0.9189018607139587,
        0.9130231738090515,
        0.9224030375480652,
        0.9324032664299011,
        0.925347089767456,
        0.9052102565765381,
        0.9122925996780396,
        0.8781103491783142,
        0.9111049175262451,
        0.9661470651626587,
        0.8834884762763977,
        0.9544126391410828,
        0.8820067048072815,
        0.9189234375953674,
        0.9004507660865784,
        0.8897348046302795,
        0.9038152098655701,
        0.8787335157394409
      ],
      "val_accuracy": [
        0.5799999833106995,
        0.6266666650772095,
        0.5416666865348816,
        0.5883333086967468,
        0.6299999952316284,
        0.6333333253860474,
        0.6566666960716248,
        0.6683333516120911,
        0.6449999809265137,
        0.6549999713897705,
        0.6583333611488342,
        0.6700000166893005,
        0.6499999761581421,
        0.6949999928474426,
        0.6583333611488342,
        0.6083333492279053,
        0.6833333373069763,
        0.6016666889190674,
        0.6766666769981384,
        0.6499999761581421,
        0.6866666674613953,
        0.6600000262260437,
        0.6566666960716248,
        0.6816666722297668
      ],
      "val_auc": [
        0.8396318554878235,
        0.8702681064605713,
        0.8440934419631958,
        0.8625735640525818,
        0.8852883577346802,
        0.8888014554977417,
        0.8948866724967957,
        0.8988513946533203,
        0.892330527305603,
        0.8898370265960693,
        0.8916537165641785,
        0.8991300463676453,
        0.8961805701255798,
        0.9104906916618347,
        0.8971051573753357,
        0.877760112285614,
        0.9077615141868591,
        0.8806046843528748,
        0.9084926247596741,
        0.8945148587226868,
        0.9018022418022156,
        0.905110239982605,
        0.8996800780296326,
        0.9096217751502991
      ],
      "lr": [
        0.0010000000474974513,
        0.0010000000474974513,
        0.0010000000474974513,
        0.0010000000474974513,
        0.0010000000474974513,
        0.0010000000474974513,
        0.0010000000474974513,
        0.0010000000474974513,
        0.0010000000474974513,
        0.0010000000474974513,
        0.0010000000474974513,
        0.0010000000474974513,
        0.0010000000474974513,
        0.0010000000474974513,
        0.0010000000474974513,
        0.0010000000474974513,
        0.0010000000474974513,
        0.0010000000474974513,
        0.0005000000237487257,
        0.0005000000237487257,
        0.0005000000237487257,
        0.0005000000237487257,
        0.0002500000118743628,
        0.0002500000118743628
      ]
    },
    {
      "loss": [
        0.9621729254722595,
        0.8344693183898926,
        0.7660902142524719,
        0.7134578227996826,
        0.6735156178474426,
        0.639422595500946,
        0.6131282448768616,
        0.5788968801498413,
        0.5684650540351868,
        0.5470563769340515,
        0.5320352911949158,
        0.5050652027130127,
        0.5013396143913269,
        0.4949747323989868,
        0.48954832553863525,
        0.47375357151031494,
        0.4669090509414673,
        0.4598051607608795,
        0.46609243750572205,
        0.4514760375022888,
        0.4396999180316925,
        0.43463075160980225,
        0.4370168149471283,
        0.4356273412704468,
        0.43318358063697815,
        0.4326663017272949,
        0.4215518534183502,
        0.424363911151886,
        0.42039069533348083,
        0.4210621118545532
      ],
      "accuracy": [
        0.6533523797988892,
        0.7286019921302795,
        0.7820969820022583,
        0.815977156162262,
        0.8370185494422913,
        0.8698288202285767,
        0.875178337097168,
        0.9012125730514526,
        0.9044222831726074,
        0.9204707741737366,
        0.9315263628959656,
        0.9425820112228394,
        0.9390156865119934,
        0.949714720249176,
        0.9479315280914307,
        0.9597004055976868,
        0.9682596325874329,
        0.9668331146240234,
        0.9629101157188416,
        0.9671897292137146,
        0.9782453775405884,
        0.9789586067199707,
        0.9786019921302795,
        0.9761055707931519,
        0.9796718955039978,
        0.9807417988777161,
        0.9875178337097168,
        0.9857346415519714,
        0.9860913157463074,
        0.9853780269622803
      ],
      "auc": [
        0.8803446292877197,
        0.9255355596542358,
        0.946714460849762,
        0.960081160068512,
        0.9693877100944519,
        0.9758741855621338,
        0.9802408218383789,
        0.9860132336616516,
        0.9872843623161316,
        0.9900302886962891,
        0.9917993545532227,
        0.9948776364326477,
        0.9954820275306702,
        0.9953416585922241,
        0.9963222742080688,
        0.9972270131111145,
        0.9979124069213867,
        0.9982064366340637,
        0.9975885152816772,
        0.9982693195343018,
        0.998632550239563,
        0.9992003440856934,
        0.9990981817245483,
        0.9990571141242981,
        0.9992587566375732,
        0.9991236329078674,
        0.9996108412742615,
        0.99941086769104,
        0.999656617641449,
        0.9995890259742737
      ],