{
  "model": "efficientnet_b1",
  "run": 1,
  "run_seed": 42,
  "best_val_acc": 0.8216666579246521,
  "test_metrics": {
    "loss": 0.5908676385879517,
    "accuracy": 0.7873753905296326,
    "auc": 0.9380290508270264
  },
  "phases": [
    {
      "loss": [
        1.2028363943099976,
        1.0503506660461426,
        0.9985591769218445,
        0.9805972576141357,
        0.9658127427101135,
        0.9519437551498413,
        0.9501752853393555,
        0.9291980266571045,
        0.9320302605628967,
        0.9167025685310364,
        0.9214983582496643,
        0.9166696667671204,
        0.9226158857345581,
        0.909352719783783,
        0.8949570059776306,
        0.894335925579071,
        0.8951421976089478,
        0.889626145362854,
        0.8914988040924072,
        0.8808012008666992,
        0.8951283097267151,
        0.8774155378341675
      ],
      "accuracy": [
        0.4736091196537018,
        0.5923680663108826,
        0.6191155314445496,
        0.6319543719291687,
        0.6337375044822693,
        0.6537089943885803,
        0.6501426696777344,
        0.6701140999794006,
        0.6790299415588379,
        0.6804565191268921,
        0.6729671955108643,
        0.6800998449325562,
        0.6751070022583008,
        0.6804565191268921,
        0.6893723011016846,
        0.6943652033805847,
        0.6936519145965576,
        0.6947218179702759,
        0.6925820112228394,
        0.6947218179702759,
        0.6883023977279663,
        0.7075605988502502
      ],
      "auc": [
        0.7563863396644592,
        0.8413766622543335,
        0.865085244178772,
        0.873234748840332,
        0.8785357475280762,
        0.8836823105812073,
        0.884055495262146,
        0.8931052088737488,
        0.8930104374885559,
        0.898393988609314,
        0.8960161805152893,
        0.8987160325050354,
        0.895196259021759,
        0.9000824093818665,
        0.9061599969863892,
        0.9062138199806213,
        0.9054591059684753,
        0.9085901379585266,
        0.9075004458427429,
        0.9116747975349426,
        0.9051326513290405,
        0.912019670009613
      ],
      "val_loss": [
        1.0222324132919312,
        0.9852365255355835,
        0.963927686214447,
        0.9729195237159729,
        0.994425356388092,
        0.9781621098518372,
        0.9264484643936157,
        0.9183641672134399,
        0.9833574295043945,
        1.0536606311798096,
        0.9229965209960938,
        0.8769345879554749,
        0.9076208472251892,
        0.9194799661636353,
        0.9381698369979858,
        1.0047131776809692,
        0.9469948410987854,
        0.903458833694458,
        0.9213395118713379,
        0.9690026640892029,
        0.9136452078819275,
        0.9179501533508301
      ],
      "val_accuracy": [
        0.6033333539962769,
        0.6166666746139526,
        0.6349999904632568,
        0.6399999856948853,
        0.6166666746139526,
        0.6183333396911621,
        0.6850000023841858,
        0.6850000023841858,
        0.6266666650772095,
        0.550000011920929,
        0.6700000166893005,
        0.7133333086967468,
        0.6850000023841858,
        0.6583333611488342,
        0.6516666412353516,
        0.6133333444595337,
        0.6383333206176758,
        0.6783333420753479,
        0.6733333468437195,
        0.6233333349227905,
        0.6766666769981384,
        0.6683333516120911
      ],
      "val_auc": [
        0.8565879464149475,
        0.8711685538291931,
        0.8778606057167053,
        0.8770583868026733,
        0.8698264360427856,
        0.8742818236351013,
        0.8960587382316589,
        0.8981819748878479,
        0.8719032406806946,
        0.8503014445304871,
        0.8963920474052429,
        0.9126638174057007,
        0.9000425934791565,
        0.8961426019668579,
        0.8893152475357056,
        0.8683778047561646,
        0.8860783576965332,
        0.9017097353935242,
        0.8957180976867676,
        0.8790758848190308,
        0.8982614874839783,
        0.8965569734573364
      ],
      "lr": [
        0.0010000000474974513,
        0.0010000000474974513,
        0.0010000000474974513,
        0.0010000000474974513,
        0.0010000000474974513,
        0.0010000000474974513,
        0.0010000000474974513,
        0.0010000000474974513,
        0.0010000000474974513,
        0.0010000000474974513,
        0.0010000000474974513,
        0.0010000000474974513,
        0.0010000000474974513,
        0.0010000000474974513,
        0.0010000000474974513,
        0.0010000000474974513,
        0.0005000000237487257,
        0.0005000000237487257,
        0.0005000000237487257,
        0.0005000000237487257,
        0.0002500000118743628,
        0.0002500000118743628
      ]
    },
    {
      "loss": [
        0.958281934261322,
        0.832186222076416,
        0.7564370036125183,
        0.7186414003372192,
        0.6745931506156921,
        0.6387830972671509,
        0.6124725341796875,
        0.5858365297317505,
        0.5648804903030396,
        0.5438348054885864,
        0.5399308204650879,
        0.5109294056892395,
        0.5059939622879028,
        0.49143722653388977,
        0.4804762303829193,
        0.4742646813392639,
        0.47271886467933655,
        0.4545793831348419,
        0.4520499110221863,
        0.4470040202140808,
        0.43879732489585876,
        0.4397623836994171,
        0.43343788385391235,
        0.436934232711792,
        0.43444353342056274,
        0.42485907673835754,
        0.4221094250679016,
        0.421679824590683,
        0.41729649901390076,
        0.4167459011077881
      ],
      "accuracy": [
        0.6533523797988892,
        0.7364479303359985,
        0.7927960157394409,
        0.8109843134880066,
        0.8341654539108276,
        0.8623394966125488,
        0.8801711797714233,
        0.8947931528091431,
        0.9069187045097351,
        0.9172610640525818,
        0.9204707741737366,
        0.9368758797645569,
        0.9383023977279663,
        0.9500713348388672,
        0.9539942741394043,
        0.960770308971405,
        0.9618402123451233,
        0.9700428247451782,
        0.9728958606719971,
        0.97218257188797,
        0.9789586067199707,
        0.9743223786354065,
        0.9778887033462524,
        0.9750356674194336,
        0.9796718955039978,
        0.9835948348045349,
        0.9828816056251526,
        0.9803851842880249,
        0.9857346415519714,
        0.9864479303359985
      ],
      "auc": [
        0.8813630938529968,
        0.9265146255493164,
        0.9491669535636902,
        0.9589589834213257,
        0.9685983061790466,
        0.9754499793052673,
        0.9798098206520081,
        0.9850066304206848,
        0.9870261549949646,
        0.990596354007721,
        0.9907069206237793,
        0.994332492351532,
        0.9943199157714844,
        0.9963359236717224,
        0.9969674944877625,
        0.9971948266029358,
        0.9969666004180908,
        0.9985914826393127,
        0.9985457062721252,
        0.9986801147460938,
        0.9989790320396423,
        0.9989349246025085,
        0.9992560148239136,
        0.9990362524986267,
        0.999032735824585,
        0.9993124008178711,
        0.9994063377380371,
        0.9995692372322083,
        0.9995023012161255,
        0.9995668530464172
      ],