{
  "model": "mobilevit",
  "run": 2,
  "run_seed": 43,
  "best_val_acc": 0.45500001311302185,
  "test_metrics": {
    "loss": 1.2892922163009644,
    "accuracy": 0.4003322124481201,
    "auc": 0.6764310598373413
  },
  "phases": [
    {
      "loss": [
        1.3775913715362549,
        1.3480803966522217,
        1.3073585033416748,
        1.3746469020843506,
        1.3765251636505127,
        1.379580020904541,
        1.3754332065582275,
        1.3858692646026611,
        1.370606541633606,
        1.3638594150543213,
        1.3601568937301636,
        1.3476336002349854,
        1.3378962278366089,
        1.3501759767532349,
        1.348745584487915,
        1.3288909196853638,
        1.3193354606628418,
        1.301191806793213,
        1.3081114292144775
      ],
      "accuracy": [
        0.3562767505645752,
        0.349857360124588,
        0.38231098651885986,
        0.32524964213371277,
        0.30028530955314636,
        0.30670469999313354,
        0.3181169629096985,
        0.29814550280570984,
        0.30599144101142883,
        0.3313124179840088,
        0.32239657640457153,
        0.33773180842399597,
        0.3430813252925873,
        0.3462910056114197,
        0.3380884528160095,
        0.37624821066856384,
        0.3712553381919861,
        0.39407989382743835,
        0.3833808898925781
      ],
      "auc": [
        0.6412501335144043,
        0.637469470500946,
        0.6818272471427917,
        0.604181170463562,
        0.5775822401046753,
        0.5787306427955627,
        0.5762134194374084,
        0.5541751980781555,
        0.5803717374801636,
        0.5931776762008667,
        0.599689781665802,
        0.6182058453559875,
        0.6265788078308105,
        0.6130998730659485,
        0.617004930973053,
        0.6438975930213928,
        0.6521291136741638,
        0.6764052510261536,
        0.6666324734687805
      ],
      "val_loss": [
        1.448222041130066,
        1.4641512632369995,
        1.8617504835128784,
        1.8929734230041504,
        1.4015944004058838,
        1.551459789276123,
        2.538567304611206,
        1.4000802040100098,
        1.3311632871627808,
        1.3764721155166626,
        1.4545783996582031,
        1.4869158267974854,
        1.5843709707260132,
        1.6395260095596313,
        1.3513703346252441,
        1.3428382873535156,
        1.4095159769058228,
        1.3349835872650146,
        1.359788179397583
      ],
      "val_accuracy": [
        0.20666666328907013,
        0.2666666805744171,
        0.20666666328907013,
        0.3100000023841858,
        0.2783333361148834,
        0.2666666805744171,
        0.28833332657814026,
        0.25,
        0.38499999046325684,
        0.3400000035762787,
        0.29499998688697815,
        0.3050000071525574,
        0.22833333909511566,
        0.3083333373069763,
        0.3449999988079071,
        0.35333332419395447,
        0.32499998807907104,
        0.3566666543483734,
        0.36500000953674316
      ],
      "val_auc": [
        0.45499998331069946,
        0.477222204208374,
        0.46053892374038696,
        0.5538055300712585,
        0.5010875463485718,
        0.5413912534713745,
        0.49802640080451965,
        0.5210078954696655,
        0.641605019569397,
        0.5994361639022827,
        0.5372143387794495,
        0.5620880126953125,
        0.540325403213501,
        0.5904384255409241,
        0.6107355952262878,
        0.622530996799469,
        0.595296323299408,
        0.6382694840431213,
        0.6173972487449646
      ],
      "lr": [
        0.0010000000474974513,
        0.0010000000474974513,
        0.0010000000474974513,
        0.0010000000474974513,
        0.0010000000474974513,
        0.0010000000474974513,
        0.0010000000474974513,
        0.0010000000474974513,
        0.0010000000474974513,
        0.0010000000474974513,
        0.0010000000474974513,
        0.0010000000474974513,
        0.0010000000474974513,
        0.0005000000237487257,
        0.0005000000237487257,
        0.0005000000237487257,
        0.0005000000237487257,
        0.0002500000118743628,
        0.0002500000118743628
      ]
    },
    {
      "loss": [
        1.3560081720352173,
        1.3553930521011353,
        1.3430135250091553,
        1.3366490602493286,
        1.3186951875686646,
        1.307074785232544,
        1.300976037979126,
        1.2907606363296509,
        1.2870925664901733,
        1.268341302871704,
        1.2568705081939697,
        1.247030258178711,
        1.2372123003005981,
        1.24376380443573,
        1.2606743574142456,
        1.258941888809204,
        1.2417420148849487,
        1.2539255619049072
      ],
      "accuracy": [
        0.32845935225486755,
        0.32774606347084045,
        0.3384450674057007,
        0.3320256769657135,
        0.37696146965026855,
        0.3876604735851288,
        0.37838801741600037,
        0.39479315280914307,
        0.3994293808937073,
        0.40513551235198975,
        0.42475035786628723,
        0.4165477752685547,
        0.429743230342865,
        0.4318830370903015,
        0.4133380949497223,
        0.40513551235198975,
        0.4443652033805847,
        0.42368045449256897
      ],
      "auc": [
        0.6042927503585815,
        0.6011917591094971,
        0.6192281246185303,
        0.6232445240020752,
        0.6539589166641235,
        0.6676483750343323,
        0.6723477840423584,
        0.684685230255127,
        0.6861277222633362,
        0.7004229426383972,
        0.7161291837692261,
        0.7189167737960815,
        0.7252611517906189,
        0.7244499325752258,
        0.7105237245559692,
        0.7097414135932922,
        0.7252123951911926,
        0.7171968817710876
      ],
      "val_loss": [
        1.3719462156295776,
        1.391257405281067,
        1.3566259145736694,
        1.3212978839874268,
        1.3309402465820312,
        1.3095780611038208,
        1.2911237478256226,
        1.2617332935333252,
        1.2613431215286255,
        1.2803924083709717,
        1.253851056098938,
        1.2190812826156616,
        1.2263305187225342,
        1.2354910373687744,
        1.3646671772003174,
        1.2923680543899536,
        1.313673734664917,
        1.1781607866287231
      ],
      "val_accuracy": [
        0.273333340883255,
        0.2566666603088379,
        0.30000001192092896,
        0.3400000035762787,
        0.3799999952316284,
        0.38499999046325684,
        0.4050000011920929,
        0.45500001311302185,
        0.4166666567325592,
        0.3816666603088379,
        0.4050000011920929,
        0.44999998807907104,
        0.4416666626930237,
        0.43166667222976685,
        0.3100000023841858,
        0.39666667580604553,
        0.3616666793823242,
        0.4516666531562805
      ],
      "val_auc": [
        0.5744722485542297,
        0.5583022832870483,
        0.5967847108840942,
        0.6468116641044617,
        0.6330055594444275,
        0.6623389720916748,
        0.690106987953186,
        0.7227208614349365,
        0.7367962002754211,
        0.6934100985527039,
        0.7107356786727905,
        0.7554800510406494,
        0.7462611794471741,
        0.7313578724861145,
        0.6206009387969971,
        0.6860036253929138,
        0.6691309213638306,
        0.7710328698158264
      ],