{
  "model": "mobilenetv3",
  "run": 3,
  "run_seed": 44,
  "best_val_acc": 0.8083333373069763,
  "test_metrics": {
    "loss": 0.6157100796699524,
    "accuracy": 0.7840531468391418,
    "auc": 0.9330071210861206
  },
  "phases": [
    {
      "loss": [
        1.358479380607605,
        1.0994174480438232,
        1.039304494857788,
        1.0002621412277222,
        0.9743349552154541,
        0.9657143354415894,
        0.9408363699913025,
        0.9239567518234253,
        0.9109876751899719,
        0.8971698880195618,
        0.8993445634841919,
        0.8881616592407227,
        0.8954877257347107,
        0.8899916410446167,
        0.8869110941886902,
        0.8735786080360413,
        0.8626257181167603
      ],
      "accuracy": [
        0.43402281403541565,
        0.5666904449462891,
        0.5941511988639832,
        0.6287446618080139,
        0.6451497673988342,
        0.6390870213508606,
        0.6565620303153992,
        0.6672610640525818,
        0.687589168548584,
        0.6786733269691467,
        0.6883023977279663,
        0.6932953000068665,
        0.6907988786697388,
        0.6925820112228394,
        0.7007845640182495,
        0.7025677561759949,
        0.7146933078765869
      ],
      "auc": [
        0.7062534689903259,
        0.8259641528129578,
        0.8505513668060303,
        0.8674566149711609,
        0.8771631717681885,
        0.87949138879776,
        0.8901106715202332,
        0.8945122361183167,
        0.9007896184921265,
        0.9057170748710632,
        0.9052098989486694,
        0.9084664583206177,
        0.9063050150871277,
        0.9076878428459167,
        0.9093193411827087,
        0.9133683443069458,
        0.9173498749732971
      ],
      "val_loss": [
        1.1149386167526245,
        1.0535820722579956,
        0.9758309125900269,
        0.9981037378311157,
        0.9850910305976868,
        0.9476109743118286,
        0.927981972694397,
        0.975538432598114,
        0.9704577922821045,
        0.9700478911399841,
        0.9071531891822815,
        0.9217175245285034,
        0.9716687202453613,
        0.9163029789924622,
        0.9127178192138672,
        0.9185255169868469,
        0.9173264503479004
      ],
      "val_accuracy": [
        0.5083333253860474,
        0.57833331823349,
        0.621666669845581,
        0.6266666650772095,
        0.6316666603088379,
        0.6583333611488342,
        0.6883333325386047,
        0.6383333206176758,
        0.6449999809265137,
        0.6449999809265137,
        0.6800000071525574,
        0.6700000166893005,
        0.6299999952316284,
        0.67166668176651,
        0.6666666865348816,
        0.67166668176651,
        0.6766666769981384
      ],
      "val_auc": [
        0.8115532398223877,
        0.8442509174346924,
        0.875076413154602,
        0.8703204393386841,
        0.8762138485908508,
        0.8885412216186523,
        0.8959628939628601,
        0.8802258968353271,
        0.8813046216964722,
        0.8809717893600464,
        0.9016329646110535,
        0.8963958621025085,
        0.8810300827026367,
        0.8993598222732544,
        0.9002504348754883,
        0.8981810212135315,
        0.899579644203186
      ],
      "lr": [
        0.0010000000474974513,
        0.0010000000474974513,
        0.0010000000474974513,
        0.0010000000474974513,
        0.0010000000474974513,
        0.0010000000474974513,
        0.0010000000474974513,
        0.0010000000474974513,
        0.0010000000474974513,
        0.0010000000474974513,
        0.0010000000474974513,
        0.0010000000474974513,
        0.0010000000474974513,
        0.0010000000474974513,
        0.0010000000474974513,
        0.0005000000237487257,
        0.0005000000237487257
      ]
    },
    {
      "loss": [
        0.9588102102279663,
        0.84114670753479,
        0.7866639494895935,
        0.7445984482765198,
        0.704096257686615,
        0.6828307509422302,
        0.6361594200134277,
        0.6091940402984619,
        0.5895314812660217,
        0.5619940161705017,
        0.5513157248497009,
        0.5319864749908447,
        0.5112626552581787,
        0.492464542388916,
        0.4850509464740753,
        0.4800207018852234,
        0.46144673228263855,
        0.4494127929210663,
        0.4432695209980011,
        0.4401833713054657,
        0.43382248282432556,
        0.4313860237598419,
        0.42746812105178833,
        0.42921367287635803,
        0.4146742522716522,
        0.41288015246391296,
        0.4075830578804016,
        0.4059843420982361,
        0.40249717235565186,
        0.4013701379299164
      ],
      "accuracy": [
        0.651925802230835,
        0.7250356674194336,
        0.7614122629165649,
        0.7874464988708496,
        0.8263195157051086,
        0.8384450674057007,
        0.866975724697113,
        0.883024275302887,
        0.8930099606513977,
        0.9072753190994263,
        0.9076319336891174,
        0.9254636168479919,
        0.9372325539588928,
        0.9514978528022766,
        0.9525677561759949,
        0.9564907550811768,
        0.9671897292137146,
        0.976462185382843,
        0.9786019921302795,
        0.976818859577179,
        0.9825249910354614,
        0.9793152809143066,
        0.9810984134674072,
        0.980028510093689,
        0.9875178337097168,
        0.9889443516731262,
        0.9917974472045898,
        0.9907275438308716,
        0.9950071573257446,
        0.9950071573257446
      ],
      "auc": [
        0.8820735216140747,
        0.9233970046043396,
        0.9402045011520386,
        0.9522937536239624,
        0.9634739756584167,
        0.9664100408554077,
        0.9762665033340454,
        0.9817251563072205,
        0.9846793413162231,
        0.9889254570007324,
        0.9902917742729187,
        0.9923247694969177,
        0.9944604635238647,
        0.9956040978431702,
        0.9966941475868225,
        0.9972463250160217,
        0.9978652000427246,
        0.9989806413650513,
        0.9989790320396423,
        0.9990471005439758,
        0.9990262389183044,
        0.9993441104888916,
        0.9993604421615601,
        0.999199628829956,
        0.9997455477714539,
        0.9997867345809937,
        0.9998756647109985,
        0.9998308420181274,
        0.9999530911445618,
        0.9999454021453857
      ],
      "val_loss": [
        0.987606406211853,
        0.9731500148773193,
        0.9484480619430542,
        0.9690074920654297,
        0.9185305833816528,
        0.8935794830322266,
        0.914691686630249,
        0.8721730709075928,
        0.8956710696220398,
        0.8872007131576538,
        0.8524185419082642,
        0.8897829055786133,
        0.8714113235473633,
        0.8730973601341248,
        0.8513948321342468,
        0.850772500038147,
        0.8406391739845276,
        0.8721970915794373,
        0.8611651659011841,
        0.8424873352050781,
        0.8314681053161621,
        0.8398588299751282,
        0.8336603045463562,
        0.8581161499023438,
        0.8537655472755432,
        0.8308509588241577,
        0.8370106816291809,
        0.8352177739143372,
        0.8137657642364502,
        0.8315153121948242
      ],