{
  "model": "mobilenetv3_small",
  "run": 3,
  "run_seed": 44,
  "best_val_acc": 0.8016666769981384,
  "test_metrics": {
    "loss": 0.5854920148849487,
    "accuracy": 0.7774086594581604,
    "auc": 0.9413918256759644
  },
  "phases": [
    {
      "loss": [
        1.348778247833252,
        1.1350696086883545,
        1.0766407251358032,
        1.0379388332366943,
        1.0208673477172852,
        0.997503399848938,
        0.9961771368980408,
        0.9831860661506653,
        0.9710749983787537,
        0.9679416418075562,
        0.9662207365036011,
        0.9621185064315796,
        0.9486129283905029,
        0.9534021615982056,
        0.9500746130943298,
        0.9349024891853333,
        0.9376715421676636,
        0.9378653168678284,
        0.9336269497871399
      ],
      "accuracy": [
        0.38944366574287415,
        0.5317403674125671,
        0.5570613145828247,
        0.5923680663108826,
        0.6073466539382935,
        0.6262482404708862,
        0.6208987236022949,
        0.6258915662765503,
        0.6480028629302979,
        0.6526390910148621,
        0.6476462483406067,
        0.6480028629302979,
        0.6554921269416809,
        0.648359477519989,
        0.6565620303153992,
        0.6694008708000183,
        0.6694008708000183,
        0.6619115471839905,
        0.6722539067268372
      ],
      "auc": [
        0.6716791391372681,
        0.7991684079170227,
        0.8286306262016296,
        0.8471195101737976,
        0.8543639183044434,
        0.8669110536575317,
        0.8655666708946228,
        0.8714748620986938,
        0.8771722316741943,
        0.8792386651039124,
        0.878898561000824,
        0.8807018399238586,
        0.8865100741386414,
        0.8838630318641663,
        0.8854624629020691,
        0.89159095287323,
        0.8919947147369385,
        0.8918554186820984,
        0.8919182419776917
      ],
      "val_loss": [
        1.121530532836914,
        1.0785305500030518,
        1.0852644443511963,
        1.05311918258667,
        1.0015027523040771,
        0.9966083765029907,
        0.9650740623474121,
        0.9606060981750488,
        0.9479531645774841,
        1.0098332166671753,
        0.9519811272621155,
        0.9409753680229187,
        0.9374436736106873,
        0.9670950174331665,
        0.9708063006401062,
        1.051261305809021,
        0.9651104807853699,
        0.9947800636291504,
        0.9563354253768921
      ],
      "val_accuracy": [
        0.5333333611488342,
        0.5333333611488342,
        0.5483333468437195,
        0.5683333277702332,
        0.6200000047683716,
        0.6383333206176758,
        0.6399999856948853,
        0.6233333349227905,
        0.6583333611488342,
        0.6266666650772095,
        0.6499999761581421,
        0.6516666412353516,
        0.6499999761581421,
        0.6366666555404663,
        0.6200000047683716,
        0.5683333277702332,
        0.6166666746139526,
        0.596666693687439,
        0.6316666603088379
      ],
      "val_auc": [
        0.8026305437088013,
        0.8220430016517639,
        0.8210875988006592,
        0.8369480967521667,
        0.8623570203781128,
        0.8636741042137146,
        0.8772722482681274,
        0.8783661723136902,
        0.8844995498657227,
        0.8597962260246277,
        0.8825467228889465,
        0.8870031833648682,
        0.888458251953125,
        0.8759782314300537,
        0.8737421035766602,
        0.8447574973106384,
        0.8758712410926819,
        0.8647291660308838,
        0.8801555633544922
      ],
      "lr": [
        0.0010000000474974513,
        0.0010000000474974513,
        0.0010000000474974513,
        0.0010000000474974513,
        0.0010000000474974513,
        0.0010000000474974513,
        0.0010000000474974513,
        0.0010000000474974513,
        0.0010000000474974513,
        0.0010000000474974513,
        0.0010000000474974513,
        0.0010000000474974513,
        0.0010000000474974513,
        0.0010000000474974513,
        0.0010000000474974513,
        0.0010000000474974513,
        0.0010000000474974513,
        0.0005000000237487257,
        0.0005000000237487257
      ]
    },
    {
      "loss": [
        1.088546633720398,
        0.9667798280715942,
        0.9156454801559448,
        0.876575231552124,
        0.8383392095565796,
        0.8170953392982483,
        0.7940515279769897,
        0.781182587146759,
        0.772710919380188,
        0.7495614290237427,
        0.7342431545257568,
        0.7116751074790955,
        0.6917155385017395,
        0.6896429657936096,
        0.6858245134353638,
        0.6765294075012207,
        0.6471624374389648,
        0.6392515897750854,
        0.627991259098053,
        0.6403006315231323,
        0.6121652722358704,
        0.6056457757949829,
        0.5986875295639038,
        0.5868532061576843,
        0.5623335242271423,
        0.5674460530281067,
        0.5587795376777649,
        0.5577306151390076,
        0.5482651591300964,
        0.5456693768501282
      ],
      "accuracy": [
        0.5841654539108276,
        0.6451497673988342,
        0.6758202314376831,
        0.7104136943817139,
        0.7246790528297424,
        0.7492867112159729,
        0.7603423595428467,
        0.7631954550743103,
        0.7788873314857483,
        0.7824536561965942,
        0.7977888584136963,
        0.8109843134880066,
        0.8298859000205994,
        0.8248929977416992,
        0.8288159966468811,
        0.8316690325737,
        0.8555634617805481,
        0.8626961708068848,
        0.8698288202285767,
        0.8577032685279846,
        0.8801711797714233,
        0.8808844685554504,
        0.883024275302887,
        0.8933666348457336,
        0.9094151258468628,
        0.9051355123519897,
        0.9108416438102722,
        0.9179742932319641,
        0.9115549325942993,
        0.9247503280639648
      ],
      "auc": [
        0.8387267589569092,
        0.8788902759552002,
        0.8984202742576599,
        0.9123197197914124,
        0.9259371757507324,
        0.932636559009552,
        0.9386728405952454,
        0.9421700239181519,
        0.945437490940094,
        0.951012372970581,
        0.9555325508117676,
        0.9606087803840637,
        0.9658324718475342,
        0.9662213921546936,
        0.9666017889976501,
        0.9681752920150757,
        0.9749226570129395,
        0.9758636951446533,
        0.9774772524833679,
        0.9750568866729736,
        0.9808785915374756,
        0.9822605848312378,
        0.9824015498161316,
        0.9847832918167114,
        0.988928496837616,
        0.9875091314315796,
        0.989237904548645,
        0.9892508387565613,
        0.9903337359428406,
        0.9901728630065918
      ],
      "val_loss": [
        1.1287860870361328,
        1.0867562294006348,
        1.06851065158844,
        1.0126628875732422,
        0.987959086894989,
        0.9492990970611572,
        0.9081538915634155,
        0.859351396560669,
        0.8498958349227905,
        0.8371466994285583,
        0.8287447690963745,
        0.8108179569244385,
        0.8206619024276733,
        0.805914580821991,
        0.7895389795303345,
        0.7740379571914673,
        0.7827472686767578,
        0.7832235097885132,
        0.7730083465576172,
        0.7740499377250671,
        0.780508816242218,
        0.764815092086792,
        0.75508052110672,
        0.7584770917892456,
        0.7544217705726624,
        0.7705657482147217,
        0.7672820687294006,
        0.7693220973014832,
        0.7700110673904419,
        0.7652714848518372
      ],