{
  "model": "mobilenetv3_small",
  "run": 2,
  "run_seed": 43,
  "best_val_acc": 0.800000011920929,
  "test_metrics": {
    "loss": 0.5856541395187378,
    "accuracy": 0.7774086594581604,
    "auc": 0.9411218762397766
  },
  "phases": [
    {
      "loss": [
        1.3575217723846436,
        1.1300203800201416,
        1.0683034658432007,
        1.0411415100097656,
        1.0283511877059937,
        0.9998050332069397,
        1.0024490356445312,
        0.985706090927124,
        0.9803714752197266,
        0.9773356914520264,
        0.9709846377372742,
        0.9543437957763672,
        0.9496787190437317,
        0.9507659673690796,
        0.9387452602386475,
        0.9385844469070435,
        0.9468135833740234,
        0.9266384243965149,
        0.9358752369880676,
        0.9329017400741577,
        0.9313815236091614,
        0.9342360496520996,
        0.9217896461486816
      ],
      "accuracy": [
        0.41583451628685,
        0.5203281044960022,
        0.5691868662834167,
        0.5820257067680359,
        0.593794584274292,
        0.6298145651817322,
        0.6144793033599854,
        0.6312410831451416,
        0.6315976977348328,
        0.632667601108551,
        0.6273181438446045,
        0.648359477519989,
        0.6529957056045532,
        0.6455064415931702,
        0.6708273887634277,
        0.6615549325942993,
        0.6501426696777344,
        0.676176905632019,
        0.660485029220581,
        0.6608416438102722,
        0.6726105809211731,
        0.659771740436554,
        0.6808131337165833
      ],
      "auc": [
        0.6893470287322998,
        0.8006409406661987,
        0.8330910801887512,
        0.844691812992096,
        0.8516626954078674,
        0.8644427061080933,
        0.8625107407569885,
        0.8704286217689514,
        0.8726497292518616,
        0.8746647834777832,
        0.8753182888031006,
        0.8839805722236633,
        0.8859415054321289,
        0.8857384324073792,
        0.8903012275695801,
        0.8900558352470398,
        0.8861125111579895,
        0.8957047462463379,
        0.891058623790741,
        0.8918805122375488,
        0.893814742565155,
        0.891043484210968,
        0.8975709080696106
      ],
      "val_loss": [
        1.1041830778121948,
        1.0753620862960815,
        1.052646517753601,
        1.041091799736023,
        1.0275509357452393,
        0.9976059198379517,
        0.9716673493385315,
        1.0280901193618774,
        0.9689496755599976,
        1.0384628772735596,
        0.9707624316215515,
        0.9789487719535828,
        0.9419311285018921,
        0.9758892059326172,
        0.9782631397247314,
        1.013637900352478,
        0.944235622882843,
        0.9404038786888123,
        0.9409680366516113,
        0.9605027437210083,
        0.9762119650840759,
        0.9684355854988098,
        0.9629827737808228
      ],
      "val_accuracy": [
        0.5350000262260437,
        0.5683333277702332,
        0.5933333039283752,
        0.6033333539962769,
        0.6166666746139526,
        0.625,
        0.6333333253860474,
        0.6050000190734863,
        0.6366666555404663,
        0.5950000286102295,
        0.621666669845581,
        0.621666669845581,
        0.6616666913032532,
        0.6299999952316284,
        0.6399999856948853,
        0.621666669845581,
        0.6449999809265137,
        0.6449999809265137,
        0.6549999713897705,
        0.6466666460037231,
        0.6399999856948853,
        0.6316666603088379,
        0.6266666650772095
      ],
      "val_auc": [
        0.811454176902771,
        0.8281388282775879,
        0.8385653495788574,
        0.8465953469276428,
        0.8536490797996521,
        0.864740788936615,
        0.8743934631347656,
        0.8521110415458679,
        0.8753162622451782,
        0.849406898021698,
        0.8736944794654846,
        0.8709740042686462,
        0.8870148658752441,
        0.8735694289207458,
        0.8723976612091064,
        0.8601245284080505,
        0.885443925857544,
        0.8867495656013489,
        0.8867879509925842,
        0.8789607286453247,
        0.8737555146217346,
        0.8748695254325867,
        0.8770754933357239
      ],
      "lr": [
        0.0010000000474974513,
        0.0010000000474974513,
        0.0010000000474974513,
        0.0010000000474974513,
        0.0010000000474974513,
        0.0010000000474974513,
        0.0010000000474974513,
        0.0010000000474974513,
        0.0010000000474974513,
        0.0010000000474974513,
        0.0010000000474974513,
        0.0010000000474974513,
        0.0010000000474974513,
        0.0010000000474974513,
        0.0010000000474974513,
        0.0010000000474974513,
        0.0010000000474974513,
        0.0005000000237487257,
        0.0005000000237487257,
        0.0005000000237487257,
        0.0005000000237487257,
        0.0005000000237487257,
        0.0002500000118743628
      ]
    },
    {
      "loss": [
        1.1102094650268555,
        0.933199942111969,
        0.8930234909057617,
        0.8589573502540588,
        0.8476114869117737,
        0.8147354125976562,
        0.7993560433387756,
        0.7672661542892456,
        0.7447776794433594,
        0.7353640794754028,
        0.7161176800727844,
        0.7133433222770691,
        0.6935543417930603,
        0.6779147982597351,
        0.6746731996536255,
        0.6647239327430725,
        0.6466734409332275,
        0.6321139931678772,
        0.6307569146156311,
        0.6129404306411743,
        0.6047871112823486,
        0.5984472036361694,
        0.5843356847763062,
        0.5833783149719238,
        0.5677210092544556,
        0.571844220161438,
        0.5594459176063538,
        0.5549041032791138,
        0.5497840046882629,
        0.5492109060287476
      ],
      "accuracy": [
        0.5912981629371643,
        0.6722539067268372,
        0.7011412382125854,
        0.7218259572982788,
        0.7289586067199707,
        0.737874448299408,
        0.765691876411438,
        0.7728245258331299,
        0.7949358224868774,
        0.8006419539451599,
        0.8042082786560059,
        0.8166904449462891,
        0.8256062865257263,
        0.8380884528160095,
        0.8391583561897278,
        0.8430812954902649,
        0.8534236550331116,
        0.8648359775543213,
        0.863766074180603,
        0.8780313730239868,
        0.8823109865188599,
        0.8801711797714233,
        0.8987160921096802,
        0.8919400572776794,
        0.9001426696777344,
        0.9051355123519897,
        0.9094151258468628,
        0.9136947393417358,
        0.9165477752685547,
        0.9122681617736816
      ],
      "auc": [
        0.8342591524124146,
        0.8933699727058411,
        0.9073340892791748,
        0.9182729125022888,
        0.9220849871635437,
        0.9320597052574158,
        0.9377859234809875,
        0.9462054967880249,
        0.9527965188026428,
        0.9556844234466553,
        0.9594957828521729,
        0.9605265259742737,
        0.9647875428199768,
        0.9684151411056519,
        0.9685702323913574,
        0.9712876677513123,
        0.9742926359176636,
        0.977969765663147,
        0.9775272011756897,
        0.9802882075309753,
        0.9815388321876526,
        0.9825946092605591,
        0.9846296310424805,
        0.9854846000671387,
        0.987878143787384,
        0.9871929287910461,
        0.9889188408851624,
        0.9895684719085693,
        0.9898567199707031,
        0.9902571439743042
      ],