{
  "model": "mobilenetv2",
  "run": 1,
  "run_seed": 42,
  "best_val_acc": 0.79666668176651,
  "test_metrics": {
    "loss": 0.6012713313102722,
    "accuracy": 0.7724252343177795,
    "auc": 0.9375898838043213
  },
  "phases": [
    {
      "loss": [
        1.4703381061553955,
        1.1323915719985962,
        1.0851703882217407,
        1.022325873374939,
        0.9979185461997986,
        0.9759178161621094,
        0.9644866585731506,
        0.9658731818199158,
        0.9567962288856506,
        0.9373440742492676,
        0.9276028275489807,
        0.9335021376609802,
        0.9307305812835693,
        0.9039909839630127,
        0.9074862003326416,
        0.8965317606925964,
        0.8986051082611084,
        0.8990782499313354,
        0.903201699256897,
        0.8932332992553711,
        0.8899880051612854,
        0.8915665745735168,
        0.9000136852264404,
        0.8920257687568665,
        0.8608331680297852,
        0.8796154856681824,
        0.8848109841346741
      ],
      "accuracy": [
        0.38552069664001465,
        0.5424394011497498,
        0.5763195157051086,
        0.6116262674331665,
        0.6358773112297058,
        0.6512125730514526,
        0.6526390910148621,
        0.6451497673988342,
        0.6576319336891174,
        0.6633380651473999,
        0.6672610640525818,
        0.6776034235954285,
        0.6715406775474548,
        0.7004279494285583,
        0.6858059763908386,
        0.6890156865119934,
        0.6982881426811218,
        0.7014978528022766,
        0.6936519145965576,
        0.7011412382125854,
        0.6979315280914307,
        0.6847360730171204,
        0.6904422044754028,
        0.6972182393074036,
        0.7125535011291504,
        0.6979315280914307,
        0.7011412382125854
      ],
      "auc": [
        0.665738582611084,
        0.8133789896965027,
        0.8360101580619812,
        0.8600046038627625,
        0.8693912625312805,
        0.8765106201171875,
        0.8817823529243469,
        0.8819558024406433,
        0.8846523761749268,
        0.8907983899116516,
        0.8945456743240356,
        0.8941341638565063,
        0.8947572112083435,
        0.9030237793922424,
        0.9030689597129822,
        0.9065104722976685,
        0.9046432375907898,
        0.9054227471351624,
        0.9039866924285889,
        0.9075175523757935,
        0.9081985354423523,
        0.9071962237358093,
        0.9047421813011169,
        0.9064980149269104,
        0.9173556566238403,
        0.9110615253448486,
        0.9094122648239136
      ],
      "val_loss": [
        1.1222898960113525,
        1.0240204334259033,
        1.0314946174621582,
        0.9779787063598633,
        0.9525657892227173,
        0.9513090252876282,
        0.9521827101707458,
        0.9136804938316345,
        1.0261070728302002,
        0.9117724895477295,
        0.8766706585884094,
        0.9982367157936096,
        0.9087458252906799,
        0.8859500885009766,
        0.9070724248886108,
        0.9098064303398132,
        0.8705642819404602,
        0.9342962503433228,
        0.8658234477043152,
        0.9211834669113159,
        0.9242303371429443,
        0.9152402877807617,
        0.8945525884628296,
        0.8909159302711487,
        0.9091230034828186,
        0.9152407646179199,
        0.8988281488418579
      ],
      "val_accuracy": [
        0.5199999809265137,
        0.5950000286102295,
        0.5849999785423279,
        0.6366666555404663,
        0.6566666960716248,
        0.6650000214576721,
        0.6650000214576721,
        0.6916666626930237,
        0.6233333349227905,
        0.6850000023841858,
        0.7200000286102295,
        0.6433333158493042,
        0.6883333325386047,
        0.6899999976158142,
        0.6949999928474426,
        0.6766666769981384,
        0.7233333587646484,
        0.6633333563804626,
        0.7166666388511658,
        0.6899999976158142,
        0.6916666626930237,
        0.7149999737739563,
        0.6850000023841858,
        0.7066666483879089,
        0.6983333230018616,
        0.6850000023841858,
        0.70333331823349
      ],
      "val_auc": [
        0.8084110617637634,
        0.8541772365570068,
        0.8513777852058411,
        0.8729348182678223,
        0.8848230838775635,
        0.8880032300949097,
        0.8878282308578491,
        0.8998082280158997,
        0.8659772276878357,
        0.9005429744720459,
        0.9143213629722595,
        0.8737120032310486,
        0.9011050462722778,
        0.9109708666801453,
        0.9030185341835022,
        0.9008963108062744,
        0.9161088466644287,
        0.8920823931694031,
        0.9171963334083557,
        0.9000162482261658,
        0.8986648917198181,
        0.9019064903259277,
        0.9065157771110535,
        0.908832848072052,
        0.9026690125465393,
        0.8994528651237488,
        0.9053269624710083
      ],
      "lr": [
        0.0010000000474974513,
        0.0010000000474974513,
        0.0010000000474974513,
        0.0010000000474974513,
        0.0010000000474974513,
        0.0010000000474974513,
        0.0010000000474974513,
        0.0010000000474974513,
        0.0010000000474974513,
        0.0010000000474974513,
        0.0010000000474974513,
        0.0010000000474974513,
        0.0010000000474974513,
        0.0010000000474974513,
        0.0010000000474974513,
        0.0005000000237487257,
        0.0005000000237487257,
        0.0005000000237487257,
        0.0005000000237487257,
        0.0005000000237487257,
        0.0005000000237487257,
        0.0005000000237487257,
        0.0005000000237487257,
        0.0002500000118743628,
        0.0002500000118743628,
        0.0002500000118743628,
        0.0002500000118743628
      ]
    },
    {
      "loss": [
        1.016232967376709,
        0.8638532161712646,
        0.7968313694000244,
        0.7390102744102478,
        0.6873599886894226,
        0.655020534992218,
        0.6323220729827881,
        0.6019763946533203,
        0.5609602332115173,
        0.538480818271637,
        0.5476835370063782,
        0.54152512550354,
        0.5195984244346619,
        0.5222942233085632,
        0.5021384358406067,
        0.5067347884178162,
        0.4945839047431946,
        0.488900363445282,
        0.489355206489563,
        0.477095365524292,
        0.48064684867858887,
        0.4876577854156494,
        0.4762743413448334,
        0.4721614420413971,
        0.4643878638744354,
        0.46200522780418396,
        0.4563601613044739,
        0.45903730392456055,
        0.4562302529811859,
        0.4526899755001068
      ],
      "accuracy": [
        0.6233951449394226,
        0.7182596325874329,
        0.7642653584480286,
        0.8013551831245422,
        0.8302425146102905,
        0.8445078730583191,
        0.8698288202285767,
        0.8837375044822693,
        0.9090585112571716,
        0.9304565191268921,
        0.9215406775474548,
        0.9186875820159912,
        0.9336661696434021,
        0.9290299415588379,
        0.9486448168754578,
        0.9436519145965576,
        0.9525677561759949,
        0.9589871764183044,
        0.9557774662971497,
        0.9593437910079956,
        0.9582738876342773,
        0.952924370765686,
        0.9604136943817139,
        0.9625535011291504,
        0.9707560539245605,
        0.9693295359611511,
        0.9761055707931519,
        0.9679030179977417,
        0.9732524752616882,
        0.9771754741668701
      ],