{
  "model": "mobilenetv3_small",
  "run": 1,
  "run_seed": 42,
  "best_val_acc": 0.800000011920929,
  "test_metrics": {
    "loss": 0.5988442301750183,
    "accuracy": 0.7873753905296326,
    "auc": 0.9394382238388062
  },
  "phases": [
    {
      "loss": [
        1.3312666416168213,
        1.1549664735794067,
        1.0728774070739746,
        1.0326796770095825,
        1.0323121547698975,
        1.0126159191131592,
        0.988436222076416,
        0.991637110710144,
        0.9802781343460083,
        0.9700681567192078,
        0.9583122730255127,
        0.954145073890686,
        0.956413209438324,
        0.9486446380615234,
        0.9429298043251038,
        0.937908411026001,
        0.9346234202384949,
        0.932827889919281,
        0.9244142770767212,
        0.9470464587211609,
        0.9370868802070618,
        0.9334193468093872
      ],
      "accuracy": [
        0.41119828820228577,
        0.5174750089645386,
        0.562410831451416,
        0.5930812954902649,
        0.6027104258537292,
        0.6034236550331116,
        0.6280313730239868,
        0.6237517595291138,
        0.6351640224456787,
        0.6305277943611145,
        0.6433666348457336,
        0.6455064415931702,
        0.6455064415931702,
        0.6587018370628357,
        0.6533523797988892,
        0.667617678642273,
        0.6690441966056824,
        0.6751070022583008,
        0.6779600381851196,
        0.6533523797988892,
        0.6647646427154541,
        0.6708273887634277
      ],
      "auc": [
        0.6901054978370667,
        0.7900881767272949,
        0.8286485075950623,
        0.8492001295089722,
        0.8493015170097351,
        0.8579269647598267,
        0.8688084483146667,
        0.8680039048194885,
        0.8728542327880859,
        0.8766257762908936,
        0.8810241222381592,
        0.8826424479484558,
        0.8829721808433533,
        0.886572003364563,
        0.8877806663513184,
        0.8906803727149963,
        0.891675591468811,
        0.8928112387657166,
        0.8959149718284607,
        0.886247456073761,
        0.8911627531051636,
        0.8915786147117615
      ],
      "val_loss": [
        1.1521989107131958,
        1.049176573753357,
        1.0172065496444702,
        1.0081844329833984,
        0.9694440960884094,
        0.9611652493476868,
        0.9615225195884705,
        0.9707799553871155,
        0.9671482443809509,
        0.9994790554046631,
        0.9865617752075195,
        0.9364039897918701,
        0.9458789229393005,
        0.9508520364761353,
        0.9833808541297913,
        0.9896993041038513,
        0.958583652973175,
        0.9580239057540894,
        0.9373571872711182,
        0.9426642656326294,
        0.9302785396575928,
        0.9395854473114014
      ],
      "val_accuracy": [
        0.5049999952316284,
        0.5616666674613953,
        0.596666693687439,
        0.596666693687439,
        0.6433333158493042,
        0.6466666460037231,
        0.653333306312561,
        0.6333333253860474,
        0.6299999952316284,
        0.6033333539962769,
        0.6100000143051147,
        0.675000011920929,
        0.6483333110809326,
        0.6383333206176758,
        0.6066666841506958,
        0.6050000190734863,
        0.6349999904632568,
        0.6383333206176758,
        0.6600000262260437,
        0.6616666913032532,
        0.6666666865348816,
        0.6516666412353516
      ],
      "val_auc": [
        0.7851842641830444,
        0.8383398056030273,
        0.8546699285507202,
        0.8576889038085938,
        0.8760278224945068,
        0.8785156607627869,
        0.8789393901824951,
        0.8745846152305603,
        0.8762587904930115,
        0.8621582388877869,
        0.8670143485069275,
        0.8890708088874817,
        0.8842878937721252,
        0.8821755647659302,
        0.8680578470230103,
        0.8655208349227905,
        0.8784273862838745,
        0.8789129853248596,
        0.8879324197769165,
        0.8855374455451965,
        0.8909494876861572,
        0.8865870833396912
      ],
      "lr": [
        0.0010000000474974513,
        0.0010000000474974513,
        0.0010000000474974513,
        0.0010000000474974513,
        0.0010000000474974513,
        0.0010000000474974513,
        0.0010000000474974513,
        0.0010000000474974513,
        0.0010000000474974513,
        0.0010000000474974513,
        0.0005000000237487257,
        0.0005000000237487257,
        0.0005000000237487257,
        0.0005000000237487257,
        0.0005000000237487257,
        0.0005000000237487257,
        0.0002500000118743628,
        0.0002500000118743628,
        0.0002500000118743628,
        0.0002500000118743628,
        0.0001250000059371814,
        0.0001250000059371814
      ]
    },
    {
      "loss": [
        1.079675316810608,
        0.923180341720581,
        0.8856506943702698,
        0.8599759340286255,
        0.8268687725067139,
        0.8246164917945862,
        0.8003188967704773,
        0.7666537165641785,
        0.7489047050476074,
        0.736416757106781,
        0.7289042472839355,
        0.7003474235534668,
        0.7058191895484924,
        0.683134138584137,
        0.6695266962051392,
        0.6539040803909302,
        0.6507270336151123,
        0.6292048096656799,
        0.6308788061141968,
        0.6112295985221863,
        0.6078226566314697,
        0.5885170698165894,
        0.5857763886451721,
        0.5876542329788208,
        0.5732545256614685,
        0.5630040168762207,
        0.55970299243927,
        0.5572659373283386,
        0.5490344166755676,
        0.5377361178398132
      ],
      "accuracy": [
        0.5813124179840088,
        0.6733238101005554,
        0.695435106754303,
        0.7161198258399963,
        0.7293152809143066,
        0.7442938685417175,
        0.7571326494216919,
        0.7906562089920044,
        0.7885164022445679,
        0.7995720505714417,
        0.8056347966194153,
        0.8174037337303162,
        0.8127674460411072,
        0.8348787426948547,
        0.8412981629371643,
        0.8502140045166016,
        0.8523537516593933,
        0.8769614696502686,
        0.8601996898651123,
        0.8780313730239868,
        0.8805277943611145,
        0.8883737325668335,
        0.8955064415931702,
        0.8915834426879883,
        0.9047788977622986,
        0.9033523797988892,
        0.9029957056045532,
        0.9079886078834534,
        0.909771740436554,
        0.9211840033531189
      ],
      "auc": [
        0.838500440120697,
        0.8956871628761292,
        0.9098601937294006,
        0.9181339740753174,
        0.9290220737457275,
        0.9300054907798767,
        0.9365473389625549,
        0.94746994972229,
        0.951873779296875,
        0.9545511603355408,
        0.9566939473152161,
        0.9630435109138489,
        0.9614955186843872,
        0.9667561650276184,
        0.9703660011291504,
        0.9727929830551147,
        0.9737434387207031,
        0.9775340557098389,
        0.9774258136749268,
        0.9804988503456116,
        0.9813098907470703,
        0.9846833944320679,
        0.9847429990768433,
        0.9846612811088562,
        0.9871925711631775,
        0.9883661270141602,
        0.9889759421348572,
        0.9887579083442688,
        0.9892750978469849,
        0.9916825890541077
      ],