{
  "model": "mobilenetv2",
  "run": 2,
  "run_seed": 43,
  "best_val_acc": 0.7883333563804626,
  "test_metrics": {
    "loss": 0.7029498815536499,
    "accuracy": 0.7425249218940735,
    "auc": 0.922219455242157
  },
  "phases": [
    {
      "loss": [
        1.3207453489303589,
        1.1164617538452148,
        1.0618278980255127,
        1.0255334377288818,
        1.0003235340118408,
        0.9724478125572205,
        0.9556089043617249,
        0.9587672352790833,
        0.9301102161407471,
        0.9296107888221741,
        0.9214702248573303,
        0.9248033165931702,
        0.9227232336997986,
        0.9198451638221741,
        0.9078072905540466,
        0.8946018815040588,
        0.9017141461372375
      ],
      "accuracy": [
        0.4664764702320099,
        0.5620542168617249,
        0.5912981629371643,
        0.6212553381919861,
        0.6255349516868591,
        0.6437232494354248,
        0.6594151258468628,
        0.6626248359680176,
        0.6811697483062744,
        0.6715406775474548,
        0.6783167123794556,
        0.6825962662696838,
        0.6793866157531738,
        0.6865192651748657,
        0.6886590719223022,
        0.6929386854171753,
        0.6861626505851746
      ],
      "auc": [
        0.7328526377677917,
        0.823753833770752,
        0.8455734252929688,
        0.8605932593345642,
        0.8691592812538147,
        0.8791248798370361,
        0.8855887651443481,
        0.8842436671257019,
        0.8948900699615479,
        0.893900454044342,
        0.8974335193634033,
        0.8971991539001465,
        0.8969417214393616,
        0.8981117010116577,
        0.9022124409675598,
        0.9067335724830627,
        0.9037129878997803
      ],
      "val_loss": [
        1.1075642108917236,
        0.995715320110321,
        1.0210973024368286,
        0.9776212573051453,
        0.98468017578125,
        0.9898597002029419,
        0.8972021341323853,
        0.9222269654273987,
        0.9822279810905457,
        0.9372707009315491,
        0.8878903388977051,
        0.9428395628929138,
        0.9083200097084045,
        0.9116820096969604,
        0.9902517795562744,
        0.9229033589363098,
        0.9083812236785889
      ],
      "val_accuracy": [
        0.5483333468437195,
        0.6416666507720947,
        0.6066666841506958,
        0.6366666555404663,
        0.6383333206176758,
        0.6683333516120911,
        0.7200000286102295,
        0.7016666531562805,
        0.6616666913032532,
        0.6899999976158142,
        0.7116666436195374,
        0.6549999713897705,
        0.7016666531562805,
        0.6933333277702332,
        0.6399999856948853,
        0.6866666674613953,
        0.699999988079071
      ],
      "val_auc": [
        0.8243565559387207,
        0.8696902990341187,
        0.8615967631340027,
        0.8753360509872437,
        0.8763940334320068,
        0.8779444694519043,
        0.9074300527572632,
        0.8995347023010254,
        0.8790416717529297,
        0.8932536840438843,
        0.9095500111579895,
        0.8902343511581421,
        0.905340313911438,
        0.9018027782440186,
        0.877646267414093,
        0.8970986008644104,
        0.9032731652259827
      ],
      "lr": [
        0.0010000000474974513,
        0.0010000000474974513,
        0.0010000000474974513,
        0.0010000000474974513,
        0.0010000000474974513,
        0.0010000000474974513,
        0.0010000000474974513,
        0.0010000000474974513,
        0.0010000000474974513,
        0.0010000000474974513,
        0.0010000000474974513,
        0.0010000000474974513,
        0.0010000000474974513,
        0.0010000000474974513,
        0.0010000000474974513,
        0.0005000000237487257,
        0.0005000000237487257
      ]
    },
    {
      "loss": [
        1.0242360830307007,
        0.880577027797699,
        0.779269278049469,
        0.7309345006942749,
        0.7007200121879578,
        0.6702684760093689,
        0.6214984655380249,
        0.6014780402183533,
        0.5764654874801636,
        0.55573970079422,
        0.5395464897155762,
        0.5326550006866455,
        0.5151751637458801,
        0.5012632608413696,
        0.5020315647125244,
        0.505736768245697,
        0.4962693154811859,
        0.4934026598930359,
        0.48159220814704895,
        0.48105406761169434,
        0.4813891649246216,
        0.4797864258289337,
        0.4730971157550812,
        0.46819257736206055,
        0.4598810374736786,
        0.46298012137413025
      ],
      "accuracy": [
        0.6141226887702942,
        0.6947218179702759,
        0.7799571752548218,
        0.7963623404502869,
        0.8277460932731628,
        0.840228259563446,
        0.8705421090126038,
        0.8855206966400146,
        0.8987160921096802,
        0.9133380651473999,
        0.9226105809211731,
        0.9254636168479919,
        0.9365192651748657,
        0.9465050101280212,
        0.9390156865119934,
        0.9404422044754028,
        0.952924370765686,
        0.9507845640182495,
        0.9557774662971497,
        0.9597004055976868,
        0.953281044960022,
        0.9604136943817139,
        0.9575605988502502,
        0.9671897292137146,
        0.9725392460823059,
        0.9725392460823059
      ],
      "auc": [
        0.8595426678657532,
        0.9114142060279846,
        0.9420416951179504,
        0.9553675651550293,
        0.9631319642066956,
        0.9686511754989624,
        0.9791785478591919,
        0.9821701049804688,
        0.9864550232887268,
        0.9888155460357666,
        0.99183589220047,
        0.9920573234558105,
        0.9942892789840698,
        0.9959405064582825,
        0.9954816699028015,
        0.99508136510849,
        0.9957915544509888,
        0.9962303638458252,
        0.9969895482063293,
        0.9970217347145081,
        0.9970684051513672,
        0.9971044063568115,
        0.9975683093070984,
        0.9977014064788818,
        0.9984949827194214,
        0.998330295085907
      ],
      "val_loss": [
        0.9265972971916199,
        1.0293556451797485,
        1.0308581590652466,
        0.9148152470588684,
        1.033933401107788,
        1.0850459337234497,
        1.2497791051864624,
        1.0497502088546753,
        1.0011210441589355,
        0.9498912692070007,
        0.9557904005050659,
        1.0162094831466675,
        0.8784591555595398,
        0.8737631440162659,
        0.8761687278747559,
        0.8337571024894714,
        0.8409886360168457,
        0.8234063982963562,
        0.824947714805603,
        0.8252885341644287,
        0.8192089796066284,
        0.8137853741645813,
        0.8240709900856018,
        0.8059982657432556,
        0.8284286260604858,
        0.8162587285041809
      ],
      "val_accuracy": [
        0.7200000286102295,
        0.6866666674613953,
        0.6783333420753479,
        0.7233333587646484,
        0.6916666626930237,
        0.6833333373069763,
        0.6449999809265137,
        0.7149999737739563,
        0.7350000143051147,
        0.7433333396911621,
        0.7433333396911621,
        0.7416666746139526,
        0.753333330154419,
        0.7599999904632568,
        0.7666666507720947,
        0.7883333563804626,
        0.7816666960716248,
        0.7799999713897705,
        0.7766666412353516,
        0.7866666913032532,
        0.7816666960716248,
        0.7816666960716248,
        0.7649999856948853,
        0.7766666412353516,
        0.7633333206176758,
        0.7616666555404663
      ],