{
  "model": "mobilenetv3",
  "run": 1,
  "run_seed": 42,
  "best_val_acc": 0.8116666674613953,
  "test_metrics": {
    "loss": 0.6174037456512451,
    "accuracy": 0.7657807469367981,
    "auc": 0.9350162744522095
  },
  "phases": [
    {
      "loss": [
        1.359954833984375,
        1.096069574356079,
        1.0236684083938599,
        0.9809643626213074,
        0.9781240820884705,
        0.9379345774650574,
        0.9433825612068176,
        0.9140357971191406,
        0.9130757451057434,
        0.9074946641921997,
        0.8890597820281982,
        0.9060215950012207,
        0.9047339558601379,
        0.8786656856536865,
        0.8726553916931152,
        0.87486332654953,
        0.8729621767997742,
        0.8808982372283936,
        0.8582916259765625
      ],
      "accuracy": [
        0.43473610281944275,
        0.5620542168617249,
        0.6084165573120117,
        0.6333808898925781,
        0.6373038291931152,
        0.6554921269416809,
        0.6697574853897095,
        0.6747503280639648,
        0.6783167123794556,
        0.6865192651748657,
        0.6907988786697388,
        0.6833095550537109,
        0.6779600381851196,
        0.7064907550811768,
        0.7036376595497131,
        0.7121968865394592,
        0.710770308971405,
        0.7068473696708679,
        0.7175463438034058
      ],
      "auc": [
        0.7096858024597168,
        0.8264614343643188,
        0.8580328226089478,
        0.8741627335548401,
        0.8765428066253662,
        0.890424370765686,
        0.8903250694274902,
        0.8992761969566345,
        0.89997798204422,
        0.9017568826675415,
        0.9081329107284546,
        0.9024893641471863,
        0.9025195837020874,
        0.9123133420944214,
        0.9139819741249084,
        0.9145223498344421,
        0.9140481352806091,
        0.9116759896278381,
        0.919721245765686
      ],
      "val_loss": [
        1.0595942735671997,
        1.0056706666946411,
        0.9902685284614563,
        0.9458879828453064,
        0.9681609869003296,
        0.9400542378425598,
        0.9366177320480347,
        0.9559592604637146,
        0.9092121124267578,
        0.9616672992706299,
        0.9477553367614746,
        0.9608649611473083,
        0.9404089450836182,
        0.9013025164604187,
        0.9542009234428406,
        0.9444012641906738,
        0.912102460861206,
        0.9366231560707092,
        0.9131852984428406
      ],
      "val_accuracy": [
        0.5566666722297668,
        0.6150000095367432,
        0.6133333444595337,
        0.6616666913032532,
        0.6499999761581421,
        0.6683333516120911,
        0.6700000166893005,
        0.6299999952316284,
        0.7049999833106995,
        0.625,
        0.6549999713897705,
        0.6233333349227905,
        0.653333306312561,
        0.6899999976158142,
        0.6316666603088379,
        0.6483333110809326,
        0.6700000166893005,
        0.6433333158493042,
        0.6700000166893005
      ],
      "val_auc": [
        0.8401060700416565,
        0.8661125302314758,
        0.8712648153305054,
        0.8906847238540649,
        0.884476363658905,
        0.8930869698524475,
        0.8939980864524841,
        0.8848860859870911,
        0.9031740427017212,
        0.8838114738464355,
        0.8889754414558411,
        0.883180558681488,
        0.8922199606895447,
        0.9048976898193359,
        0.8872041702270508,
        0.8898190855979919,
        0.901430606842041,
        0.892238974571228,
        0.9007620215415955
      ],
      "lr": [
        0.0010000000474974513,
        0.0010000000474974513,
        0.0010000000474974513,
        0.0010000000474974513,
        0.0010000000474974513,
        0.0010000000474974513,
        0.0010000000474974513,
        0.0010000000474974513,
        0.0010000000474974513,
        0.0010000000474974513,
        0.0010000000474974513,
        0.0010000000474974513,
        0.0010000000474974513,
        0.0005000000237487257,
        0.0005000000237487257,
        0.0005000000237487257,
        0.0005000000237487257,
        0.0005000000237487257,
        0.0002500000118743628
      ]
    },
    {
      "loss": [
        0.9469794034957886,
        0.8444158434867859,
        0.7882732152938843,
        0.7472600936889648,
        0.6951747536659241,
        0.6714004278182983,
        0.6396859288215637,
        0.607632040977478,
        0.5945378541946411,
        0.5699149966239929,
        0.5556536316871643,
        0.5268856883049011,
        0.5166812539100647,
        0.49586084485054016,
        0.4870150089263916,
        0.4798990488052368,
        0.4712710380554199,
        0.4616275727748871,
        0.4561156928539276,
        0.4557661712169647,
        0.44832155108451843,
        0.4525941014289856,
        0.44322508573532104,
        0.4447805881500244,
        0.4409559369087219,
        0.4363904893398285,
        0.4382655918598175,
        0.44379106163978577,
        0.4362635910511017,
        0.4336199164390564
      ],
      "accuracy": [
        0.6647646427154541,
        0.7282453775405884,
        0.7653352618217468,
        0.7824536561965942,
        0.8338088393211365,
        0.8363052606582642,
        0.8626961708068848,
        0.8755349516868591,
        0.8937232494354248,
        0.9040656089782715,
        0.9165477752685547,
        0.9308131337165833,
        0.9336661696434021,
        0.9500713348388672,
        0.9525677561759949,
        0.961126983165741,
        0.9618402123451233,
        0.9661198258399963,
        0.9746790528297424,
        0.9714693427085876,
        0.9750356674194336,
        0.9728958606719971,
        0.9786019921302795,
        0.9775320887565613,
        0.976462185382843,
        0.9796718955039978,
        0.9796718955039978,
        0.9778887033462524,
        0.9818117022514343,
        0.9825249910354614
      ],
      "auc": [
        0.8869686722755432,
        0.9231727123260498,
        0.9407851099967957,
        0.9510444402694702,
        0.9647212624549866,
        0.9700114727020264,
        0.9764844179153442,
        0.981780469417572,
        0.9844610095024109,
        0.9874277710914612,
        0.9892091751098633,
        0.9932243824005127,
        0.9941273927688599,
        0.996371865272522,
        0.996565580368042,
        0.9971662163734436,
        0.9977472424507141,
        0.9982022643089294,
        0.9987822771072388,
        0.998393177986145,
        0.9989082217216492,
        0.9988062381744385,
        0.9991530776023865,
        0.9992460608482361,
        0.9991177916526794,
        0.9994211196899414,
        0.9993970394134521,
        0.9990420937538147,
        0.9994125366210938,
        0.9994165301322937
      ],
      "val_loss": [
        1.011534571647644,
        1.0502817630767822,
        1.0467427968978882,
        0.9509297609329224,
        0.9506820440292358,
        0.9031354784965515,
        0.9172606468200684,
        0.8948489427566528,
        0.8947420120239258,
        0.8313612937927246,
        0.9124115109443665,
        0.9013155102729797,
        0.8870368599891663,
        0.8764606714248657,
        0.8519322276115417,
        0.8352382779121399,
        0.8681988716125488,
        0.8583046197891235,
        0.833480954170227,
        0.828590989112854,
        0.8224208950996399,
        0.834690272808075,
        0.8246200084686279,
        0.8289108276367188,
        0.8232731223106384,
        0.8269968628883362,
        0.819372296333313,
        0.8159031271934509,
        0.810522735118866,
        0.8080326914787292
      ],