{
  "model": "mobilevit",
  "run": 1,
  "run_seed": 42,
  "best_val_acc": 0.528333306312561,
  "test_metrics": {
    "loss": 1.1862810850143433,
    "accuracy": 0.46179401874542236,
    "auc": 0.741531491279602
  },
  "phases": [
    {
      "loss": [
        1.3813456296920776,
        1.3106375932693481,
        1.3365026712417603,
        1.3063204288482666,
        1.3092657327651978,
        1.319644808769226,
        1.3044013977050781,
        1.3707010746002197,
        1.348102331161499,
        1.3205877542495728,
        1.3085216283798218,
        1.3041619062423706,
        1.3074957132339478,
        1.3185232877731323,
        1.3099557161331177,
        1.2882256507873535,
        1.2967448234558105,
        1.2963825464248657,
        1.2799187898635864,
        1.2987760305404663,
        1.3110231161117554,
        1.3430699110031128,
        1.3269327878952026,
        1.3219619989395142,
        1.327825903892517,
        1.3257761001586914,
        1.3262126445770264,
        1.3195693492889404,
        1.323422908782959,
        1.3041473627090454
      ],
      "accuracy": [
        0.3666191101074219,
        0.3701854348182678,
        0.3523537814617157,
        0.3708987236022949,
        0.3609129786491394,
        0.3569900095462799,
        0.3830242455005646,
        0.30349501967430115,
        0.34343793988227844,
        0.3509272336959839,
        0.36590585112571716,
        0.3694721758365631,
        0.37054207921028137,
        0.3537802994251251,
        0.3758915960788727,
        0.3865905702114105,
        0.3648359477519989,
        0.38231098651885986,
        0.3858773112297058,
        0.3708987236022949,
        0.3577032685279846,
        0.3577032685279846,
        0.3562767505645752,
        0.3669757544994354,
        0.3502139747142792,
        0.3477175533771515,
        0.3523537814617157,
        0.3505706191062927,
        0.3601997196674347,
        0.3587731719017029
      ],
      "auc": [
        0.6409823894500732,
        0.673194944858551,
        0.642902135848999,
        0.6729260683059692,
        0.667498767375946,
        0.6586048603057861,
        0.6700653433799744,
        0.5947665572166443,
        0.6254580616950989,
        0.6527214646339417,
        0.6629746556282043,
        0.672351062297821,
        0.6694849729537964,
        0.6565589308738708,
        0.6650039553642273,
        0.68634033203125,
        0.6775031089782715,
        0.6791286468505859,
        0.6889862418174744,
        0.675879180431366,
        0.6613012552261353,
        0.6251282691955566,
        0.6444530487060547,
        0.6501697301864624,
        0.6474043726921082,
        0.6451480388641357,
        0.6454852819442749,
        0.6523175835609436,
        0.6482698321342468,
        0.6660802960395813
      ],
      "val_loss": [
        1.3813574314117432,
        1.4885262250900269,
        1.5865103006362915,
        1.4461525678634644,
        1.587850570678711,
        1.4162052869796753,
        1.5059893131256104,
        1.556126594543457,
        1.6394665241241455,
        1.2803810834884644,
        1.2845991849899292,
        1.3038852214813232,
        1.7423667907714844,
        1.2412056922912598,
        1.2534242868423462,
        1.247914433479309,
        1.2954652309417725,
        1.5156197547912598,
        1.2845770120620728,
        1.2566965818405151,
        1.7728118896484375,
        1.36979079246521,
        1.3073389530181885,
        1.2869665622711182,
        1.3301573991775513,
        1.292951226234436,
        1.272971272468567,
        1.3068948984146118,
        1.2688488960266113,
        1.2794106006622314
      ],
      "val_accuracy": [
        0.3083333373069763,
        0.20666666328907013,
        0.20666666328907013,
        0.20666666328907013,
        0.17000000178813934,
        0.2783333361148834,
        0.3700000047683716,
        0.2866666615009308,
        0.32499998807907104,
        0.3916666805744171,
        0.34833332896232605,
        0.37166666984558105,
        0.3566666543483734,
        0.4399999976158142,
        0.40833333134651184,
        0.3933333456516266,
        0.3700000047683716,
        0.2199999988079071,
        0.3916666805744171,
        0.47833332419395447,
        0.3199999928474426,
        0.3733333349227905,
        0.4183333218097687,
        0.4333333373069763,
        0.3700000047683716,
        0.4183333218097687,
        0.4233333468437195,
        0.3333333432674408,
        0.4233333468437195,
        0.4099999964237213
      ],
      "val_auc": [
        0.5427777767181396,
        0.48499998450279236,
        0.46435463428497314,
        0.4664338231086731,
        0.503262460231781,
        0.602288007736206,
        0.6333606839179993,
        0.5732856392860413,
        0.5709481239318848,
        0.7079828381538391,
        0.6949265003204346,
        0.6815009713172913,
        0.5691670775413513,
        0.7452402710914612,
        0.7333865761756897,
        0.7297393083572388,
        0.679226815700531,
        0.5426791310310364,
        0.7008323669433594,
        0.7403421401977539,
        0.5629587173461914,
        0.6063157320022583,
        0.6704338192939758,
        0.6933301091194153,
        0.6331124901771545,
        0.6841745376586914,
        0.706295371055603,
        0.6528412103652954,
        0.7157260179519653,
        0.6919727325439453
      ],
      "lr": [
        0.0010000000474974513,
        0.0010000000474974513,
        0.0010000000474974513,
        0.0010000000474974513,
        0.0010000000474974513,
        0.0005000000237487257,
        0.0005000000237487257,
        0.0005000000237487257,
        0.0005000000237487257,
        0.0002500000118743628,
        0.0002500000118743628,
        0.0002500000118743628,
        0.0002500000118743628,
        0.0002500000118743628,
        0.0002500000118743628,
        0.0002500000118743628,
        0.0002500000118743628,
        0.0002500000118743628,
        0.0001250000059371814,
        0.0001250000059371814,
        0.0001250000059371814,
        0.0001250000059371814,
        6.25000029685907e-05,
        6.25000029685907e-05,
        6.25000029685907e-05,
        6.25000029685907e-05,
        3.125000148429535e-05,
        3.125000148429535e-05,
        3.125000148429535e-05,
        3.125000148429535e-05
      ]
    },
    {
      "loss": [
        1.285905361175537,
        1.2778409719467163,
        1.2707990407943726,
        1.2711775302886963,
        1.2765827178955078,
        1.2713749408721924,
        1.2677717208862305,
        1.2699551582336426,
        1.2709484100341797,
        1.2771960496902466,
        1.2722289562225342,
        1.2734241485595703,
        1.2656774520874023,
        1.2611074447631836,
        1.2660932540893555,
        1.2571673393249512,
        1.2562588453292847,
        1.2619333267211914,
        1.2634104490280151,
        1.2599117755889893,
        1.2603760957717896,
        1.2513103485107422,
        1.2469868659973145,
        1.2452824115753174,
        1.2393006086349487,
        1.2427499294281006
      ],
      "accuracy": [
        0.3719686269760132,
        0.3873038589954376,
        0.3962197005748749,
        0.398359477519989,
        0.39586305618286133,
        0.398359477519989,
        0.39194008708000183,
        0.3812410831451416,
        0.4154779016971588,
        0.3819543421268463,
        0.40121254324913025,
        0.39657631516456604,
        0.38944366574287415,
        0.41298145055770874,
        0.4094151258468628,
        0.3976462185382843,
        0.40584880113601685,
        0.40727531909942627,
        0.40121254324913025,
        0.4119115471839905,
        0.4101283848285675,
        0.4251070022583008,
        0.4126248359680176,
        0.41761767864227295,
        0.4233238101005554,
        0.42368045449256897
      ],