{
  "model": "mobilevit",
  "display_name": "MobileViT-S (scratch)",
  "run": 2,
  "checkpoint": "checkpoints\\mobilevit_run2_best.h5",
  "n_params": 4090548,
  "model_size_mb": 15.99,
  "inference_ms_per_image": 5.4561,
  "accuracy": 0.4003322259136213,
  "auc_macro": 0.7112533538505642,
  "f1_macro": 0.335118180706416,
  "f1_weighted": 0.3254946222114485,
  "f1_per_class": {
    "Gerd": 0.03529411764705882,
    "Gerd_Normal": 0.5363825363825364,
    "Polyp": 0.4324324324324324,
    "Polyp_Normal": 0.33636363636363636
  },
  "precision_macro": 0.4557548511930478,
  "recall_macro": 0.4190681821472875,
  "confusion_matrix": [
    [
      3,
      118,
      38,
      4
    ],
    [
      2,
      129,
      22,
      2
    ],
    [
      2,
      33,
      72,
      13
    ],
    [
      0,
      46,
      81,
      37
    ]
  ]
}