{
  "model": "mobilenetv2",
  "display_name": "MobileNetV2 (pretrained)",
  "run": 2,
  "checkpoint": "checkpoints\\mobilenetv2_run2_best.h5",
  "n_params": 2263108,
  "model_size_mb": 8.85,
  "inference_ms_per_image": 29.7715,
  "accuracy": 0.7425249169435216,
  "auc_macro": 0.9310028453132076,
  "f1_macro": 0.7424127039118906,
  "f1_weighted": 0.7401419397748874,
  "f1_per_class": {
    "Gerd": 0.6859205776173285,
    "Gerd_Normal": 0.7452054794520548,
    "Polyp": 0.7741935483870968,
    "Polyp_Normal": 0.7643312101910829
  },
  "precision_macro": 0.7577380952380952,
  "recall_macro": 0.7479871894503627,
  "confusion_matrix": [
    [
      95,
      54,
      3,
      11
    ],
    [
      13,
      136,
      1,
      5
    ],
    [
      2,
      8,
      96,
      14
    ],
    [
      4,
      12,
      28,
      120
    ]
  ]
}