{
  "model": "mobilenetv3_small",
  "display_name": "MobileNetV3-Small (pretrained)",
  "run": 3,
  "checkpoint": "checkpoints\\mobilenetv3_small_run3_best.h5",
  "n_params": 941428,
  "model_size_mb": 3.78,
  "inference_ms_per_image": 20.3331,
  "accuracy": 0.7774086378737541,
  "auc_macro": 0.9473548232794746,
  "f1_macro": 0.7774012928900866,
  "f1_weighted": 0.7769119039113097,
  "f1_per_class": {
    "Gerd": 0.7834394904458599,
    "Gerd_Normal": 0.7777777777777778,
    "Polyp": 0.7838827838827839,
    "Polyp_Normal": 0.764505119453925
  },
  "precision_macro": 0.7819237815234199,
  "recall_macro": 0.7855244871838191,
  "confusion_matrix": [
    [
      123,
      29,
      6,
      5
    ],
    [
      22,
      126,
      4,
      3
    ],
    [
      1,
      3,
      107,
      9
    ],
    [
      5,
      11,
      36,
      112
    ]
  ]
}