{
  "model": "mobilenetv2",
  "run": 3,
  "run_seed": 44,
  "best_val_acc": 0.7916666865348816,
  "test_metrics": {
    "loss": 0.6290827393531799,
    "accuracy": 0.7707641124725342,
    "auc": 0.9328802227973938
  },
  "phases": [
    {
      "loss": [
        1.360499382019043,
        1.1211822032928467,
        1.0652918815612793,
        1.0207066535949707,
        1.0014079809188843,
        0.9726184606552124,
        0.9719037413597107,
        0.9647076725959778,
        0.9442282319068909,
        0.9142510294914246,
        0.9282383918762207,
        0.9296004176139832,
        0.9236777424812317,
        0.9179840087890625,
        0.9056422710418701,
        0.8964908123016357,
        0.9032913446426392,
        0.8923854231834412,
        0.8934165835380554,
        0.880635678768158,
        0.8743368983268738,
        0.8882240056991577,
        0.8751658797264099
      ],
      "accuracy": [
        0.43723252415657043,
        0.5552781820297241,
        0.589514970779419,
        0.6208987236022949,
        0.6358773112297058,
        0.6472895741462708,
        0.6458630561828613,
        0.6437232494354248,
        0.6726105809211731,
        0.6726105809211731,
        0.6683309674263,
        0.6654778718948364,
        0.667617678642273,
        0.6833095550537109,
        0.6897289752960205,
        0.6847360730171204,
        0.6847360730171204,
        0.6929386854171753,
        0.6975749135017395,
        0.6986448168754578,
        0.7136234045028687,
        0.6965050101280212,
        0.7114835977554321
      ],
      "auc": [
        0.7123666405677795,
        0.8210635185241699,
        0.8439618945121765,
        0.8615959882736206,
        0.8689323663711548,
        0.878344714641571,
        0.8788968920707703,
        0.8820820450782776,
        0.889789342880249,
        0.9001759886741638,
        0.8942055106163025,
        0.8939664363861084,
        0.8954958319664001,
        0.8979855179786682,
        0.9027822613716125,
        0.9055590629577637,
        0.90290367603302,
        0.9073280096054077,
        0.9063863754272461,
        0.911126971244812,
        0.9144440293312073,
        0.908338189125061,
        0.9139798283576965
      ],
      "val_loss": [
        1.0648318529129028,
        0.9560626149177551,
        0.9977282881736755,
        0.9526462554931641,
        0.9657267332077026,
        0.9677724242210388,
        0.961733877658844,
        0.9549927711486816,
        0.9602380394935608,
        0.920056939125061,
        0.8833252787590027,
        0.9009957909584045,
        0.9111828804016113,
        0.8845954537391663,
        0.897068202495575,
        0.9167218804359436,
        0.899176836013794,
        0.8866161108016968,
        0.885170578956604,
        0.887790322303772,
        0.8885735869407654,
        0.910295307636261,
        0.9097985625267029
      ],
      "val_accuracy": [
        0.5733333230018616,
        0.6666666865348816,
        0.6083333492279053,
        0.6549999713897705,
        0.6483333110809326,
        0.67166668176651,
        0.6850000023841858,
        0.6816666722297668,
        0.6633333563804626,
        0.67166668176651,
        0.7133333086967468,
        0.7099999785423279,
        0.7233333587646484,
        0.7083333134651184,
        0.70333331823349,
        0.6733333468437195,
        0.7099999785423279,
        0.7099999785423279,
        0.7133333086967468,
        0.7133333086967468,
        0.7016666531562805,
        0.6899999976158142,
        0.6866666674613953
      ],
      "val_auc": [
        0.8357319831848145,
        0.8833944797515869,
        0.8656741976737976,
        0.8849791288375854,
        0.8809000253677368,
        0.884143054485321,
        0.8869156837463379,
        0.8882768154144287,
        0.8840075135231018,
        0.8966278433799744,
        0.9114069938659668,
        0.9050666689872742,
        0.9019018411636353,
        0.9106869697570801,
        0.9060588479042053,
        0.8981269001960754,
        0.9057851433753967,
        0.9091902375221252,
        0.9107920527458191,
        0.9098759889602661,
        0.9093268513679504,
        0.9015133380889893,
        0.9016013145446777
      ],
      "lr": [
        0.0010000000474974513,
        0.0010000000474974513,
        0.0010000000474974513,
        0.0010000000474974513,
        0.0010000000474974513,
        0.0010000000474974513,
        0.0010000000474974513,
        0.0010000000474974513,
        0.0005000000237487257,
        0.0005000000237487257,
        0.0005000000237487257,
        0.0005000000237487257,
        0.0005000000237487257,
        0.0005000000237487257,
        0.0005000000237487257,
        0.0002500000118743628,
        0.0002500000118743628,
        0.0002500000118743628,
        0.0002500000118743628,
        0.0001250000059371814,
        0.0001250000059371814,
        0.0001250000059371814,
        0.0001250000059371814
      ]
    },
    {
      "loss": [
        1.0046172142028809,
        0.8575302958488464,
        0.7898377776145935,
        0.7257333993911743,
        0.6938130259513855,
        0.6475372910499573,
        0.6163802146911621,
        0.5889244079589844,
        0.5779650807380676,
        0.5553021430969238,
        0.553598165512085,
        0.5448309183120728,
        0.5251015424728394,
        0.5218794941902161,
        0.5107304453849792,
        0.5221259593963623,
        0.5035377740859985,
        0.5012930035591125,
        0.4944033622741699,
        0.4985021948814392,
        0.47795364260673523,
        0.48471391201019287,
        0.48169171810150146,
        0.47464752197265625,
        0.4652979373931885,
        0.4702000916004181,
        0.47088804841041565,
        0.45768222212791443,
        0.4572755992412567,
        0.45526063442230225
      ],
      "accuracy": [
        0.6340941786766052,
        0.7314550876617432,
        0.7681882977485657,
        0.8088445067405701,
        0.8209700584411621,
        0.8569900393486023,
        0.8787446618080139,
        0.8901569247245789,
        0.9015691876411438,
        0.9129814505577087,
        0.9136947393417358,
        0.9179742932319641,
        0.9318830370903015,
        0.9322396516799927,
        0.941868782043457,
        0.9315263628959656,
        0.945078432559967,
        0.9457917213439941,
        0.9465050101280212,
        0.9475749135017395,
        0.960770308971405,
        0.9511412382125854,
        0.9568473696708679,
        0.9632667899131775,
        0.968616247177124,
        0.9679030179977417,
        0.9625535011291504,
        0.9725392460823059,
        0.9732524752616882,
        0.9728958606719971
      ],
      "auc": [
        0.8671538233757019,
        0.9193077683448792,
        0.9385913610458374,
        0.9564979672431946,
        0.9642053842544556,
        0.9739024043083191,
        0.9803009629249573,
        0.9847238063812256,
        0.9862820506095886,
        0.9899799823760986,
        0.9888169169425964,
        0.9908602237701416,
        0.9932562708854675,
        0.9936482906341553,
        0.9940852522850037,
        0.9934812188148499,
        0.9957082867622375,
        0.9953861832618713,
        0.9957715272903442,
        0.9955995678901672,
        0.9978379607200623,
        0.997096598148346,
        0.9968084692955017,
        0.9975873827934265,
        0.9983426332473755,
        0.9979916214942932,
        0.9980160593986511,
        0.998388409614563,
        0.9986857175827026,
        0.9986171126365662
      ],