{
  "model": "mobilevit",
  "run": 3,
  "run_seed": 44,
  "best_val_acc": 0.5883333086967468,
  "test_metrics": {
    "loss": 1.0628331899642944,
    "accuracy": 0.5315614342689514,
    "auc": 0.8026258945465088
  },
  "phases": [
    {
      "loss": [
        1.4215130805969238,
        1.3612537384033203,
        1.3386214971542358,
        1.323330044746399,
        1.336258888244629,
        1.3173452615737915,
        1.3389135599136353,
        1.328193187713623,
        1.3489155769348145,
        1.3510613441467285,
        1.2911057472229004,
        1.2974073886871338,
        1.2850725650787354,
        1.2685837745666504,
        1.2701512575149536,
        1.272694706916809,
        1.2753254175186157,
        1.2684773206710815,
        1.2547388076782227,
        1.2434329986572266,
        1.2440636157989502,
        1.2336121797561646,
        1.2384719848632812,
        1.218735933303833,
        1.2195724248886108,
        1.224116563796997,
        1.2311958074569702,
        1.241390585899353,
        1.2332055568695068,
        1.2166929244995117
      ],
      "accuracy": [
        0.32453638315200806,
        0.3266761898994446,
        0.34736090898513794,
        0.36982882022857666,
        0.35948646068573,
        0.34878745675086975,
        0.3423680365085602,
        0.3470042943954468,
        0.3352353870868683,
        0.35271042585372925,
        0.3969329595565796,
        0.3955064117908478,
        0.3876604735851288,
        0.40513551235198975,
        0.42689016461372375,
        0.40513551235198975,
        0.38873037695884705,
        0.420114129781723,
        0.4197574853897095,
        0.4343794584274292,
        0.43152639269828796,
        0.4507845938205719,
        0.43865907192230225,
        0.44650498032569885,
        0.46611982583999634,
        0.4482881724834442,
        0.4532810151576996,
        0.429743230342865,
        0.4486447870731354,
        0.4468616247177124
      ],
      "auc": [
        0.6042062044143677,
        0.6191835999488831,
        0.6432413458824158,
        0.6558140516281128,
        0.6407754421234131,
        0.6579675674438477,
        0.6316661834716797,
        0.6421228647232056,
        0.628919243812561,
        0.6255358457565308,
        0.6858291625976562,
        0.674958348274231,
        0.6875025629997253,
        0.6992518305778503,
        0.7046062350273132,
        0.7009680867195129,
        0.6950433850288391,
        0.7057211399078369,
        0.7087473273277283,
        0.7253825068473816,
        0.7216938138008118,
        0.7346121668815613,
        0.7278096675872803,
        0.7367321252822876,
        0.7413647174835205,
        0.7361994385719299,
        0.7348432540893555,
        0.7266811728477478,
        0.7367430925369263,
        0.7422857880592346
      ],
      "val_loss": [
        1.4870314598083496,
        1.6006028652191162,
        1.5710601806640625,
        1.656766653060913,
        1.873314619064331,
        1.4100584983825684,
        1.4318780899047852,
        1.33454167842865,
        1.8039616346359253,
        1.5133718252182007,
        1.570168375968933,
        1.3448474407196045,
        1.2911498546600342,
        1.3123748302459717,
        1.3748242855072021,
        1.366693377494812,
        1.6177364587783813,
        1.232538104057312,
        1.186700701713562,
        1.1765269041061401,
        1.2083196640014648,
        1.1645865440368652,
        1.3587112426757812,
        1.2985892295837402,
        1.1781455278396606,
        1.1695750951766968,
        1.2278764247894287,
        1.2174078226089478,
        1.159749150276184,
        1.242676854133606
      ],
      "val_accuracy": [
        0.20666666328907013,
        0.20666666328907013,
        0.20666666328907013,
        0.20999999344348907,
        0.1899999976158142,
        0.24166665971279144,
        0.3016666769981384,
        0.34166666865348816,
        0.20666666328907013,
        0.24666666984558105,
        0.2933333218097687,
        0.2983333468437195,
        0.3883333206176758,
        0.3466666638851166,
        0.3466666638851166,
        0.3916666805744171,
        0.2800000011920929,
        0.4116666615009308,
        0.47833332419395447,
        0.44333332777023315,
        0.4033333361148834,
        0.43666666746139526,
        0.3816666603088379,
        0.40666666626930237,
        0.503333330154419,
        0.4650000035762787,
        0.46166667342185974,
        0.4233333468437195,
        0.528333306312561,
        0.4466666579246521
      ],
      "val_auc": [
        0.45499998331069946,
        0.45722222328186035,
        0.48744630813598633,
        0.46574676036834717,
        0.40674445033073425,
        0.4898652732372284,
        0.5395948886871338,
        0.642381489276886,
        0.5284430980682373,
        0.5665699243545532,
        0.5742621421813965,
        0.6295866370201111,
        0.6911897659301758,
        0.6668509244918823,
        0.6302231550216675,
        0.6488629579544067,
        0.5851189494132996,
        0.7289408445358276,
        0.7713977098464966,
        0.7816731929779053,
        0.7444384694099426,
        0.7825019359588623,
        0.7012309432029724,
        0.7081648111343384,
        0.7673602104187012,
        0.7713027596473694,
        0.7290805578231812,
        0.7348240613937378,
        0.7926194667816162,
        0.7302022576332092
      ],
      "lr": [
        0.0010000000474974513,
        0.0010000000474974513,
        0.0010000000474974513,
        0.0010000000474974513,
        0.0010000000474974513,
        0.0005000000237487257,
        0.0005000000237487257,
        0.0005000000237487257,
        0.0005000000237487257,
        0.0005000000237487257,
        0.0005000000237487257,
        0.0005000000237487257,
        0.0002500000118743628,
        0.0002500000118743628,
        0.0002500000118743628,
        0.0002500000118743628,
        0.0002500000118743628,
        0.0001250000059371814,
        0.0001250000059371814,
        0.0001250000059371814,
        0.0001250000059371814,
        0.0001250000059371814,
        0.0001250000059371814,
        0.0001250000059371814,
        0.0001250000059371814,
        0.0001250000059371814,
        6.25000029685907e-05,
        6.25000029685907e-05,
        6.25000029685907e-05,
        6.25000029685907e-05
      ]
    },
    {
      "loss": [
        1.222530484199524,
        1.2198643684387207,
        1.2259823083877563,
        1.2097322940826416,
        1.2130770683288574,
        1.213645100593567,
        1.2167227268218994,
        1.2043726444244385,
        1.1843434572219849,
        1.1836096048355103,
        1.188204050064087,
        1.176313042640686,
        1.1805744171142578,
        1.183074951171875,
        1.1832576990127563,
        1.166452407836914,
        1.1726630926132202,
        1.169242024421692,
        1.1666011810302734,
        1.1719132661819458,
        1.1511807441711426,
        1.1623504161834717
      ],
      "accuracy": [
        0.44329530000686646,
        0.45506420731544495,
        0.42689016461372375,
        0.4461483657360077,
        0.4632667601108551,
        0.4525677561759949,
        0.4522111415863037,
        0.45506420731544495,
        0.48002853989601135,
        0.4696861505508423,
        0.476462185382843,
        0.4711126983165741,
        0.4611269533634186,
        0.4782453775405884,
        0.47218260169029236,
        0.4875178337097168,
        0.48644793033599854,
        0.48002853989601135,
        0.48074179887771606,
        0.4814550578594208,
        0.5142653584480286,
        0.5039229393005371
      ],