{
  "model": "mobilenetv3",
  "run": 2,
  "run_seed": 43,
  "best_val_acc": 0.7983333468437195,
  "test_metrics": {
    "loss": 0.613247275352478,
    "accuracy": 0.7873753905296326,
    "auc": 0.933802604675293
  },
  "phases": [
    {
      "loss": [
        1.3425177335739136,
        1.0903464555740356,
        1.035499095916748,
        0.9910467267036438,
        0.9583866596221924,
        0.935547947883606,
        0.9437663555145264,
        0.9079275727272034,
        0.9106857180595398,
        0.8920499086380005,
        0.8796185851097107,
        0.892204761505127,
        0.8699331879615784,
        0.8851603865623474,
        0.8705295324325562,
        0.8786575794219971,
        0.8800889849662781
      ],
      "accuracy": [
        0.4390156865119934,
        0.562410831451416,
        0.605920135974884,
        0.6312410831451416,
        0.6504992842674255,
        0.6619115471839905,
        0.6576319336891174,
        0.6850927472114563,
        0.687589168548584,
        0.6904422044754028,
        0.7064907550811768,
        0.6968616247177124,
        0.7039942741394043,
        0.6915121078491211,
        0.7082738876342773,
        0.7068473696708679,
        0.7050641775131226
      ],
      "auc": [
        0.7159856557846069,
        0.8274716734886169,
        0.8530586361885071,
        0.8694250583648682,
        0.8821171522140503,
        0.8911841511726379,
        0.8885817527770996,
        0.9017171859741211,
        0.9011477828025818,
        0.9080408811569214,
        0.9112145304679871,
        0.9069628119468689,
        0.9147276282310486,
        0.9088543057441711,
        0.9146577715873718,
        0.9129043817520142,
        0.9101417064666748
      ],
      "val_loss": [
        1.0994765758514404,
        1.022465467453003,
        1.0659855604171753,
        0.9586504101753235,
        1.0193184614181519,
        0.932163417339325,
        0.9438947439193726,
        0.9689534306526184,
        0.936047375202179,
        0.9901681542396545,
        0.930466890335083,
        0.9097212553024292,
        0.9022627472877502,
        0.9013547897338867,
        0.9376747608184814,
        1.018862247467041,
        0.9375097751617432
      ],
      "val_accuracy": [
        0.5416666865348816,
        0.6016666889190674,
        0.5683333277702332,
        0.6466666460037231,
        0.6266666650772095,
        0.6683333516120911,
        0.6966666579246521,
        0.6399999856948853,
        0.6733333468437195,
        0.6150000095367432,
        0.6600000262260437,
        0.6783333420753479,
        0.6850000023841858,
        0.6766666769981384,
        0.6483333110809326,
        0.6133333444595337,
        0.6466666460037231
      ],
      "val_auc": [
        0.8192138075828552,
        0.8538379669189453,
        0.8430925607681274,
        0.8822565674781799,
        0.8642541170120239,
        0.8937615752220154,
        0.8903430700302124,
        0.8821982145309448,
        0.8927704095840454,
        0.8741325736045837,
        0.8940638899803162,
        0.9008532166481018,
        0.9029707908630371,
        0.9035962224006653,
        0.891251802444458,
        0.866203784942627,
        0.8916375041007996
      ],
      "lr": [
        0.0010000000474974513,
        0.0010000000474974513,
        0.0010000000474974513,
        0.0010000000474974513,
        0.0010000000474974513,
        0.0010000000474974513,
        0.0010000000474974513,
        0.0010000000474974513,
        0.0010000000474974513,
        0.0010000000474974513,
        0.0005000000237487257,
        0.0005000000237487257,
        0.0005000000237487257,
        0.0005000000237487257,
        0.0005000000237487257,
        0.0005000000237487257,
        0.0005000000237487257
      ]
    },
    {
      "loss": [
        0.9627739787101746,
        0.8483669757843018,
        0.7830992341041565,
        0.7452499866485596,
        0.6958591341972351,
        0.6743786931037903,
        0.6332939267158508,
        0.6112620234489441,
        0.6024168729782104,
        0.5690336227416992,
        0.5483459234237671,
        0.5365124344825745,
        0.5275546312332153,
        0.5078078508377075,
        0.5013738870620728,
        0.4951765537261963,
        0.4853474795818329,
        0.4847261905670166,
        0.4780687093734741,
        0.47557032108306885,
        0.474253386259079,
        0.47392675280570984,
        0.4676309823989868,
        0.46582818031311035,
        0.45232218503952026,
        0.4601615369319916,
        0.4527113735675812,
        0.45408737659454346,
        0.4460541903972626,
        0.4523789584636688
      ],
      "accuracy": [
        0.6487160921096802,
        0.7207560539245605,
        0.7667617797851562,
        0.7938659191131592,
        0.8170470595359802,
        0.8302425146102905,
        0.8662624955177307,
        0.8844507932662964,
        0.8815976977348328,
        0.9069187045097351,
        0.9183309674263,
        0.9201140999794006,
        0.9347360730171204,
        0.9436519145965576,
        0.9436519145965576,
        0.9493580460548401,
        0.953281044960022,
        0.9557774662971497,
        0.9554208517074585,
        0.9621968865394592,
        0.9632667899131775,
        0.9629101157188416,
        0.9632667899131775,
        0.9632667899131775,
        0.9732524752616882,
        0.9671897292137146,
        0.9743223786354065,
        0.9714693427085876,
        0.9725392460823059,
        0.9725392460823059
      ],
      "auc": [
        0.8803743720054626,
        0.9217753410339355,
        0.942668080329895,
        0.9524744749069214,
        0.9649327397346497,
        0.9683704972267151,
        0.9776049852371216,
        0.9817434549331665,
        0.9820289611816406,
        0.9871347546577454,
        0.9903814792633057,
        0.9914299249649048,
        0.9926525354385376,
        0.9951463937759399,
        0.9956744909286499,
        0.995965838432312,
        0.9965701699256897,
        0.996747612953186,
        0.9974022507667542,
        0.9975995421409607,
        0.9972524642944336,
        0.9973806142807007,
        0.9980894327163696,
        0.9982216954231262,
        0.998839259147644,
        0.9985274076461792,
        0.9986156821250916,
        0.9987083077430725,
        0.9990101456642151,
        0.9989594221115112
      ],
      "val_loss": [
        1.013368010520935,
        1.0185164213180542,
        0.9702776074409485,
        0.9605531692504883,
        0.9506959319114685,
        0.882363498210907,
        0.9209601879119873,
        0.9251295924186707,
        0.925728976726532,
        0.9161260724067688,
        0.8847439289093018,
        0.8574843406677246,
        0.883316159248352,
        0.8759977221488953,
        0.8702815771102905,
        0.8826671242713928,
        0.8493792414665222,
        0.8400835394859314,
        0.8608935475349426,
        0.8594698905944824,
        0.8385829925537109,
        0.8332312107086182,
        0.839003324508667,
        0.844875693321228,
        0.8492388129234314,
        0.8457022309303284,
        0.8381629586219788,
        0.8287264108657837,
        0.8280981183052063,
        0.8281217813491821
      ],