{
  "model": "shufflenetv2",
  "run": 3,
  "run_seed": 44,
  "best_val_acc": 0.6816666722297668,
  "test_metrics": {
    "loss": 0.8678085207939148,
    "accuracy": 0.619601309299469,
    "auc": 0.8648189902305603
  },
  "phases": [
    {
      "loss": [
        1.331552505493164,
        1.220284342765808,
        1.2064604759216309,
        1.1819366216659546,
        1.1832858324050903,
        1.118033766746521,
        1.0932602882385254,
        1.087744951248169,
        1.077844262123108,
        1.0696125030517578,
        1.0600898265838623,
        1.033352255821228,
        1.0210795402526855,
        1.0074245929718018,
        1.0157579183578491,
        0.9839728474617004,
        0.9930309057235718,
        0.9838880300521851,
        0.9755651950836182,
        0.975191056728363,
        0.9683837294578552,
        0.9545866847038269,
        0.9442780613899231,
        0.9432435631752014,
        0.923456609249115,
        0.924433708190918,
        0.9308808445930481,
        0.9208734631538391,
        0.9221457242965698,
        0.906609058380127
      ],
      "accuracy": [
        0.3780313730239868,
        0.4664764702320099,
        0.4810984432697296,
        0.48466476798057556,
        0.493937224149704,
        0.5238944292068481,
        0.554921567440033,
        0.5492154359817505,
        0.5595577955245972,
        0.5631241202354431,
        0.5870185494422913,
        0.6037803292274475,
        0.6116262674331665,
        0.6084165573120117,
        0.6119828820228577,
        0.6319543719291687,
        0.6187589168548584,
        0.628387987613678,
        0.6315976977348328,
        0.6319543719291687,
        0.6444365382194519,
        0.6569187045097351,
        0.6594151258468628,
        0.6515691876411438,
        0.6736804842948914,
        0.660485029220581,
        0.6636947393417358,
        0.6601284146308899,
        0.6779600381851196,
        0.6886590719223022
      ],
      "auc": [
        0.6760191917419434,
        0.7519190311431885,
        0.7646269202232361,
        0.7769520878791809,
        0.7787610292434692,
        0.807014524936676,
        0.8210923075675964,
        0.824127733707428,
        0.8293227553367615,
        0.8322048783302307,
        0.8361607193946838,
        0.8495351672172546,
        0.8547264337539673,
        0.8592629432678223,
        0.8563322424888611,
        0.8712038397789001,
        0.8646950125694275,
        0.8705224394798279,
        0.8719516396522522,
        0.8728132247924805,
        0.8763836026191711,
        0.8818706274032593,
        0.8854718208312988,
        0.885100781917572,
        0.8934744596481323,
        0.8922780752182007,
        0.8912544846534729,
        0.8943195343017578,
        0.8947080969810486,
        0.900003969669342
      ],
      "val_loss": [
        1.4605956077575684,
        1.4787453413009644,
        1.5038902759552002,
        1.803369164466858,
        1.868067979812622,
        1.6142961978912354,
        1.1118587255477905,
        1.1353243589401245,
        1.5314379930496216,
        1.1382299661636353,
        1.1808128356933594,
        1.0539220571517944,
        0.9935150146484375,
        1.0283112525939941,
        1.0267795324325562,
        1.263752818107605,
        0.9956547021865845,
        0.9626463651657104,
        0.955177903175354,
        0.9511440992355347,
        0.9838075041770935,
        0.9720104932785034,
        0.9895613789558411,
        0.9764837622642517,
        0.9829956293106079,
        0.9574165940284729,
        0.9646917581558228,
        0.9543413519859314,
        0.9509308934211731,
        0.9614844918251038
      ],
      "val_accuracy": [
        0.3083333373069763,
        0.3083333373069763,
        0.3083333373069763,
        0.2199999988079071,
        0.3083333373069763,
        0.3083333373069763,
        0.5299999713897705,
        0.4883333444595337,
        0.34166666865348816,
        0.5316666960716248,
        0.4883333444595337,
        0.5916666388511658,
        0.6033333539962769,
        0.5666666626930237,
        0.5666666626930237,
        0.46000000834465027,
        0.6416666507720947,
        0.6316666603088379,
        0.6383333206176758,
        0.6633333563804626,
        0.6499999761581421,
        0.6366666555404663,
        0.625,
        0.628333330154419,
        0.6166666746139526,
        0.6449999809265137,
        0.628333330154419,
        0.6233333349227905,
        0.6449999809265137,
        0.6299999952316284
      ],
      "val_auc": [
        0.5427777767181396,
        0.5343773365020752,
        0.5353139042854309,
        0.5269995331764221,
        0.5575407147407532,
        0.5826009511947632,
        0.8068190217018127,
        0.7984680533409119,
        0.6883143782615662,
        0.8041077852249146,
        0.7818397879600525,
        0.8432102203369141,
        0.8627439737319946,
        0.8463065028190613,
        0.8475082516670227,
        0.7648555636405945,
        0.8691468238830566,
        0.8755768537521362,
        0.8787583708763123,
        0.8811907172203064,
        0.8687320351600647,
        0.8723717331886292,
        0.8647304773330688,
        0.8704860806465149,
        0.8683328032493591,
        0.8793587684631348,
        0.8754675984382629,
        0.8805740475654602,
        0.8816730976104736,
        0.8776907324790955
      ],
      "lr": [
        0.0010000000474974513,
        0.0010000000474974513,
        0.0010000000474974513,
        0.0010000000474974513,
        0.0010000000474974513,
        0.0005000000237487257,
        0.0005000000237487257,
        0.0005000000237487257,
        0.0005000000237487257,
        0.0005000000237487257,
        0.0005000000237487257,
        0.0002500000118743628,
        0.0002500000118743628,
        0.0002500000118743628,
        0.0002500000118743628,
        0.0002500000118743628,
        0.0002500000118743628,
        0.0001250000059371814,
        0.0001250000059371814,
        0.0001250000059371814,
        0.0001250000059371814,
        0.0001250000059371814,
        0.0001250000059371814,
        0.0001250000059371814,
        6.25000029685907e-05,
        6.25000029685907e-05,
        6.25000029685907e-05,
        6.25000029685907e-05,
        3.125000148429535e-05,
        3.125000148429535e-05
      ]
    },
    {
      "loss": [
        0.9615633487701416,
        0.9578787684440613,
        0.9495481252670288,
        0.9417937994003296,
        0.9375429153442383,
        0.9370324611663818,
        0.9333390593528748,
        0.9224110841751099,
        0.9333879351615906,
        0.9007360339164734,
        0.9126286506652832,
        0.8931151032447815,
        0.9079012870788574,
        0.8975043892860413,
        0.8999866843223572,
        0.8753571510314941,
        0.8798015713691711,
        0.8838689923286438,
        0.8773159980773926,
        0.8834797143936157,
        0.8775302171707153,
        0.872812032699585,
        0.896967351436615,
        0.8753339052200317
      ],
      "accuracy": [
        0.6373038291931152,
        0.6266048550605774,
        0.6558488011360168,
        0.6415834426879883,
        0.6554921269416809,
        0.6611982583999634,
        0.6654778718948364,
        0.6644079685211182,
        0.6658345460891724,
        0.6872325539588928,
        0.684022843837738,
        0.6815263628959656,
        0.6886590719223022,
        0.6925820112228394,
        0.6879457831382751,
        0.6979315280914307,
        0.7014978528022766,
        0.7011412382125854,
        0.7064907550811768,
        0.691868782043457,
        0.695078432559967,
        0.7057774662971497,
        0.6804565191268921,
        0.703281044960022
      ],