{
  "model": "shufflenetv2",
  "run": 1,
  "run_seed": 42,
  "best_val_acc": 0.6933333277702332,
  "test_metrics": {
    "loss": 0.8731701374053955,
    "accuracy": 0.6362126469612122,
    "auc": 0.8665310740470886
  },
  "phases": [
    {
      "loss": [
        1.3076908588409424,
        1.2356464862823486,
        1.216978907585144,
        1.154698133468628,
        1.1734280586242676,
        1.1227370500564575,
        1.1067633628845215,
        1.0915546417236328,
        1.065185785293579,
        1.0584659576416016,
        1.0405139923095703,
        1.0436172485351562,
        1.023349642753601,
        1.0052111148834229,
        1.0099232196807861,
        0.9592466950416565,
        0.9515849947929382,
        0.9610936045646667,
        0.9474735260009766,
        0.9479652047157288,
        0.9312605857849121,
        0.9313970804214478,
        0.9211531281471252,
        0.9272210001945496,
        0.8843874931335449,
        0.8817014098167419,
        0.8778586983680725,
        0.8692993521690369,
        0.8756823539733887,
        0.8572298288345337
      ],
      "accuracy": [
        0.40905848145484924,
        0.4493580460548401,
        0.45577746629714966,
        0.5046362280845642,
        0.486091285943985,
        0.5317403674125671,
        0.5367332100868225,
        0.5499286651611328,
        0.5734664797782898,
        0.5770328044891357,
        0.578102707862854,
        0.5795292258262634,
        0.5977175235748291,
        0.6198288202285767,
        0.6002140045166016,
        0.644079864025116,
        0.6398003101348877,
        0.6369472146034241,
        0.6601284146308899,
        0.64051353931427,
        0.6672610640525818,
        0.6533523797988892,
        0.6690441966056824,
        0.6615549325942993,
        0.6932953000068665,
        0.7061340808868408,
        0.7075605988502502,
        0.7075605988502502,
        0.7121968865394592,
        0.7193295359611511
      ],
      "auc": [
        0.6936498880386353,
        0.7443773150444031,
        0.7573433518409729,
        0.7908973097801208,
        0.7802025079727173,
        0.8058424592018127,
        0.8136267066001892,
        0.8213628530502319,
        0.8359034061431885,
        0.8389801383018494,
        0.8433378338813782,
        0.8441739082336426,
        0.8533535599708557,
        0.8611317873001099,
        0.8595396876335144,
        0.8802999258041382,
        0.881399929523468,
        0.8797340393066406,
        0.8843144178390503,
        0.8837292194366455,
        0.891175389289856,
        0.8900808095932007,
        0.8946088552474976,
        0.891440212726593,
        0.9072408676147461,
        0.908557653427124,
        0.9095073342323303,
        0.9132052063941956,
        0.9109678864479065,
        0.9167264103889465
      ],
      "val_loss": [
        1.44069504737854,
        1.3906465768814087,
        1.5088037252426147,
        2.29434871673584,
        2.3440401554107666,
        1.4960296154022217,
        1.1031144857406616,
        1.0665007829666138,
        1.1197090148925781,
        1.3383530378341675,
        1.022199273109436,
        1.1837639808654785,
        1.392219066619873,
        1.1664379835128784,
        1.1434051990509033,
        1.218287467956543,
        1.0191059112548828,
        1.012008786201477,
        1.0632359981536865,
        0.9746028780937195,
        1.1972957849502563,
        1.1440924406051636,
        1.0814663171768188,
        0.9757384061813354,
        0.9696380496025085,
        1.0250244140625,
        0.959515392780304,
        0.9865017533302307,
        0.9955428838729858,
        0.974709689617157
      ],
      "val_accuracy": [
        0.21833333373069763,
        0.21833333373069763,
        0.21833333373069763,
        0.2916666567325592,
        0.3083333373069763,
        0.31333333253860474,
        0.5199999809265137,
        0.5766666531562805,
        0.5383333563804626,
        0.40166667103767395,
        0.6000000238418579,
        0.5266666412353516,
        0.3866666555404663,
        0.5433333516120911,
        0.5233333110809326,
        0.47999998927116394,
        0.6116666793823242,
        0.6166666746139526,
        0.5816666483879089,
        0.6549999713897705,
        0.4749999940395355,
        0.5233333110809326,
        0.5716666579246521,
        0.628333330154419,
        0.6383333206176758,
        0.6100000143051147,
        0.6499999761581421,
        0.6299999952316284,
        0.6349999904632568,
        0.6466666460037231
      ],
      "val_auc": [
        0.4588888883590698,
        0.5127778053283691,
        0.5128703713417053,
        0.5440616011619568,
        0.5669055581092834,
        0.6135768294334412,
        0.8108295798301697,
        0.8330546617507935,
        0.8095819354057312,
        0.7240532636642456,
        0.8529477119445801,
        0.7889425754547119,
        0.7165208458900452,
        0.8125805854797363,
        0.8029698729515076,
        0.7969000935554504,
        0.8614574670791626,
        0.8583226203918457,
        0.8449934720993042,
        0.8793439865112305,
        0.792618989944458,
        0.8215329647064209,
        0.8340819478034973,
        0.8713648915290833,
        0.8783764243125916,
        0.8589157462120056,
        0.880419909954071,
        0.873905599117279,
        0.8714292049407959,
        0.8776472210884094
      ],
      "lr": [
        0.0010000000474974513,
        0.0010000000474974513,
        0.0010000000474974513,
        0.0010000000474974513,
        0.0010000000474974513,
        0.0010000000474974513,
        0.0005000000237487257,
        0.0005000000237487257,
        0.0005000000237487257,
        0.0005000000237487257,
        0.0005000000237487257,
        0.0005000000237487257,
        0.0005000000237487257,
        0.0005000000237487257,
        0.0005000000237487257,
        0.0002500000118743628,
        0.0002500000118743628,
        0.0002500000118743628,
        0.0002500000118743628,
        0.0002500000118743628,
        0.0002500000118743628,
        0.0002500000118743628,
        0.0002500000118743628,
        0.0002500000118743628,
        0.0001250000059371814,
        0.0001250000059371814,
        0.0001250000059371814,
        0.0001250000059371814,
        0.0001250000059371814,
        0.0001250000059371814
      ]
    },
    {
      "loss": [
        0.9166451096534729,
        0.9003415107727051,
        0.9087486863136292,
        0.892007052898407,
        0.891718327999115,
        0.8837735652923584,
        0.8831977844238281,
        0.8818084001541138,
        0.8605936169624329,
        0.8563843369483948,
        0.8585944175720215,
        0.8505315184593201,
        0.8592166304588318,
        0.8433193564414978,
        0.8445701003074646,
        0.8451313376426697,
        0.8368504047393799,
        0.8316893577575684,
        0.8471853137016296,
        0.8517163395881653
      ],
      "accuracy": [
        0.679743230342865,
        0.6886590719223022,
        0.6704707741737366,
        0.695078432559967,
        0.695078432559967,
        0.6879457831382751,
        0.6872325539588928,
        0.7007845640182495,
        0.7086305022239685,
        0.7039942741394043,
        0.7125535011291504,
        0.718616247177124,
        0.7086305022239685,
        0.726462185382843,
        0.7211126685142517,
        0.7250356674194336,
        0.7286019921302795,
        0.726462185382843,
        0.711126983165741,
        0.7243223786354065
      ],