{
  "model": "shufflenetv2",
  "run": 2,
  "run_seed": 43,
  "best_val_acc": 0.6866666674613953,
  "test_metrics": {
    "loss": 0.8657094836235046,
    "accuracy": 0.6411960124969482,
    "auc": 0.868073582649231
  },
  "phases": [
    {
      "loss": [
        1.3098340034484863,
        1.2145568132400513,
        1.21031653881073,
        1.179472804069519,
        1.1705946922302246,
        1.1033815145492554,
        1.0952491760253906,
        1.0936576128005981,
        1.070754051208496,
        1.0629956722259521,
        1.0438156127929688,
        1.0332359075546265,
        0.9943615794181824,
        1.009490966796875,
        0.9978780746459961,
        0.9742286205291748,
        0.9582222700119019,
        0.9611039757728577,
        0.9512307047843933,
        0.9692649841308594,
        0.9595084190368652,
        0.9256752729415894,
        0.9264785647392273,
        0.9108613133430481,
        0.8975237011909485,
        0.8882817029953003,
        0.8992182612419128,
        0.8821288347244263,
        0.9029049277305603,
        0.8863561153411865
      ],
      "accuracy": [
        0.4015691876411438,
        0.45577746629714966,
        0.4686162769794464,
        0.4818117022514343,
        0.49179741740226746,
        0.5531383752822876,
        0.562410831451416,
        0.5485021471977234,
        0.5788159966468811,
        0.5731098651885986,
        0.5802425146102905,
        0.593794584274292,
        0.6087731719017029,
        0.6109129786491394,
        0.6198288202285767,
        0.625178337097168,
        0.6312410831451416,
        0.6358773112297058,
        0.6462196707725525,
        0.6369472146034241,
        0.6487160921096802,
        0.6636947393417358,
        0.6619115471839905,
        0.6747503280639648,
        0.6808131337165833,
        0.6843794584274292,
        0.6776034235954285,
        0.6886590719223022,
        0.6833095550537109,
        0.6915121078491211
      ],
      "auc": [
        0.6935188174247742,
        0.7544812560081482,
        0.7604684829711914,
        0.777263343334198,
        0.7841389775276184,
        0.8168098330497742,
        0.8210947513580322,
        0.8211147785186768,
        0.8345930576324463,
        0.8363336324691772,
        0.8434079885482788,
        0.8487494587898254,
        0.8660562038421631,
        0.8581438064575195,
        0.8652737140655518,
        0.8736097812652588,
        0.8788499236106873,
        0.8796750903129578,
        0.8825564384460449,
        0.8755481839179993,
        0.8804324865341187,
        0.8920676112174988,
        0.892798900604248,
        0.8977968096733093,
        0.9026790857315063,
        0.9061391949653625,
        0.9026315808296204,
        0.9085789918899536,
        0.9007169604301453,
        0.9064548015594482
      ],
      "val_loss": [
        1.557576298713684,
        1.7073160409927368,
        2.0973870754241943,
        2.307727575302124,
        1.712220311164856,
        1.5033762454986572,
        1.1271661520004272,
        1.0346043109893799,
        1.0348396301269531,
        1.1203467845916748,
        1.192360520362854,
        1.2006025314331055,
        1.1254539489746094,
        1.0325191020965576,
        0.9751313328742981,
        1.0819768905639648,
        0.9661863446235657,
        1.0987476110458374,
        1.0111236572265625,
        0.983454167842865,
        0.9794105291366577,
        1.0406345129013062,
        0.9476832151412964,
        0.9514416456222534,
        0.930952250957489,
        0.9426869750022888,
        0.9388039112091064,
        1.0171308517456055,
        0.9411036372184753,
        0.9062744379043579
      ],
      "val_accuracy": [
        0.21833333373069763,
        0.21833333373069763,
        0.21833333373069763,
        0.21833333373069763,
        0.21833333373069763,
        0.2316666692495346,
        0.5350000262260437,
        0.6016666889190674,
        0.5916666388511658,
        0.5249999761581421,
        0.528333306312561,
        0.503333330154419,
        0.550000011920929,
        0.596666693687439,
        0.6416666507720947,
        0.5816666483879089,
        0.6549999713897705,
        0.574999988079071,
        0.6083333492279053,
        0.6399999856948853,
        0.6449999809265137,
        0.5883333086967468,
        0.6733333468437195,
        0.6316666603088379,
        0.6583333611488342,
        0.6583333611488342,
        0.6633333563804626,
        0.5933333039283752,
        0.6583333611488342,
        0.6783333420753479
      ],
      "val_auc": [
        0.4650000333786011,
        0.4647828936576843,
        0.47305741906166077,
        0.518450915813446,
        0.5247472524642944,
        0.5814051032066345,
        0.8004379272460938,
        0.84794682264328,
        0.8486384153366089,
        0.8191055655479431,
        0.7990003824234009,
        0.7813157439231873,
        0.8127574920654297,
        0.8495880365371704,
        0.8734902739524841,
        0.8312222361564636,
        0.8765407204627991,
        0.8356680274009705,
        0.8578504323959351,
        0.8741999864578247,
        0.8745601773262024,
        0.8499584197998047,
        0.8836384415626526,
        0.8815392851829529,
        0.891089916229248,
        0.8878629207611084,
        0.8894334435462952,
        0.8622061014175415,
        0.8893731236457825,
        0.9000880122184753
      ],
      "lr": [
        0.0010000000474974513,
        0.0010000000474974513,
        0.0010000000474974513,
        0.0010000000474974513,
        0.0010000000474974513,
        0.0005000000237487257,
        0.0005000000237487257,
        0.0005000000237487257,
        0.0005000000237487257,
        0.0005000000237487257,
        0.0005000000237487257,
        0.0005000000237487257,
        0.0002500000118743628,
        0.0002500000118743628,
        0.0002500000118743628,
        0.0002500000118743628,
        0.0002500000118743628,
        0.0002500000118743628,
        0.0002500000118743628,
        0.0002500000118743628,
        0.0002500000118743628,
        0.0001250000059371814,
        0.0001250000059371814,
        0.0001250000059371814,
        0.0001250000059371814,
        0.0001250000059371814,
        0.0001250000059371814,
        0.0001250000059371814,
        0.0001250000059371814,
        6.25000029685907e-05
      ]
    },
    {
      "loss": [
        0.8680204749107361,
        0.869806170463562,
        0.8714317679405212,
        0.8659902811050415,
        0.8774571418762207,
        0.8606078028678894,
        0.8554919958114624,
        0.8443836569786072,
        0.8385881185531616,
        0.8387983441352844,
        0.8426615595817566,
        0.8343065977096558
      ],
      "accuracy": [
        0.7097004055976868,
        0.7064907550811768,
        0.7097004055976868,
        0.7121968865394592,
        0.7050641775131226,
        0.7097004055976868,
        0.7097004055976868,
        0.7200428247451782,
        0.7214693427085876,
        0.7307417988777161,
        0.7253922820091248,
        0.72218257188797
      ],
      "auc": [
        0.9134250283241272,
        0.9131842255592346,
        0.9120575189590454,
        0.9132454991340637,
        0.910560131072998,
        0.915225625038147,
        0.9173122644424438,
        0.9199701547622681,
        0.9220914244651794,
        0.92234206199646,
        0.9213525056838989,
        0.9237650632858276
      ],
      "val_loss": [
        1.0093470811843872,
        0.9071348309516907,
        0.9805178642272949,
        0.9426863789558411,
        0.9846398830413818,
        0.9577430486679077,
        0.9444748163223267,
        0.9494391679763794,
        0.9240767359733582,
        0.9257898926734924,
        0.9393898248672485,
        0.951744794845581
      ],