{
  "model": "squeezenet",
  "run": 3,
  "run_seed": 44,
  "best_val_acc": 0.21833333373069763,
  "test_metrics": {
    "loss": 1.3862946033477783,
    "accuracy": 0.2707641124725342,
    "auc": 0.5
  },
  "phases": [
    {
      "loss": [
        1.3863006830215454,
        1.3862943649291992,
        1.3862943649291992,
        1.3862942457199097,
        1.3862941265106201,
        1.3862942457199097,
        1.3862944841384888,
        1.3862941265106201,
        1.3862942457199097,
        1.3862942457199097,
        1.3862942457199097
      ],
      "accuracy": [
        0.2368045598268509,
        0.24251070618629456,
        0.24251070618629456,
        0.24251070618629456,
        0.24251070618629456,
        0.24251070618629456,
        0.24251070618629456,
        0.24251070618629456,
        0.24251070618629456,
        0.24251070618629456,
        0.24251070618629456
      ],
      "auc": [
        0.49904900789260864,
        0.5,
        0.5,
        0.5,
        0.5,
        0.5,
        0.5,
        0.5,
        0.5,
        0.5,
        0.5
      ],
      "val_loss": [
        1.386293888092041,
        1.386293888092041,
        1.386293888092041,
        1.386293888092041,
        1.386293888092041,
        1.386293888092041,
        1.386293888092041,
        1.386293888092041,
        1.386293888092041,
        1.386293888092041,
        1.386293888092041
      ],
      "val_accuracy": [
        0.21833333373069763,
        0.21833333373069763,
        0.21833333373069763,
        0.21833333373069763,
        0.21833333373069763,
        0.21833333373069763,
        0.21833333373069763,
        0.21833333373069763,
        0.21833333373069763,
        0.21833333373069763,
        0.21833333373069763
      ],
      "val_auc": [
        0.5,
        0.5,
        0.5,
        0.5,
        0.5,
        0.5,
        0.5,
        0.5,
        0.5,
        0.5,
        0.5
      ],
      "lr": [
        0.0010000000474974513,
        0.0010000000474974513,
        0.0010000000474974513,
        0.0010000000474974513,
        0.0010000000474974513,
        0.0005000000237487257,
        0.0005000000237487257,
        0.0005000000237487257,
        0.0005000000237487257,
        0.0002500000118743628,
        0.0002500000118743628
      ]
    },
    {
      "loss": [
        1.3862942457199097,
        1.3862943649291992,
        1.3862942457199097,
        1.3862941265106201,
        1.3862941265106201,
        1.3862940073013306,
        1.3862941265106201,
        1.3862940073013306,
        1.386293888092041,
        1.3862942457199097,
        1.3862941265106201
      ],
      "accuracy": [
        0.24251070618629456,
        0.24251070618629456,
        0.24251070618629456,
        0.24251070618629456,
        0.24251070618629456,
        0.24251070618629456,
        0.24251070618629456,
        0.24251070618629456,
        0.24251070618629456,
        0.24251070618629456,
        0.24251070618629456
      ],
      "auc": [
        0.5,
        0.5,
        0.5,
        0.5,
        0.5,
        0.5,
        0.5,
        0.5,
        0.5,
        0.5,
        0.5
      ],
      "val_loss": [
        1.386293888092041,
        1.386293888092041,
        1.386293888092041,
        1.386293888092041,
        1.386293888092041,
        1.386293888092041,
        1.386293888092041,
        1.386293888092041,
        1.386293888092041,
        1.386293888092041,
        1.386293888092041
      ],
      "val_accuracy": [
        0.21833333373069763,
        0.21833333373069763,
        0.21833333373069763,
        0.21833333373069763,
        0.21833333373069763,
        0.21833333373069763,
        0.21833333373069763,
        0.21833333373069763,
        0.21833333373069763,
        0.21833333373069763,
        0.21833333373069763
      ],
      "val_auc": [
        0.5,
        0.5,
        0.5,
        0.5,
        0.5,
        0.5,
        0.5,
        0.5,
        0.5,
        0.5,
        0.5
      ],
      "lr": [
        9.999999747378752e-05,
        9.999999747378752e-05,
        9.999999747378752e-05,
        9.999999747378752e-05,
        9.999999747378752e-05,
        4.999999873689376e-05,
        4.999999873689376e-05,
        4.999999873689376e-05,
        4.999999873689376e-05,
        2.499999936844688e-05,
        2.499999936844688e-05
      ]
    },
    {
      "loss": [
        1.3862942457199097,
        1.3862948417663574,
        1.3862942457199097,
        1.386293888092041,
        1.3862942457199097,
        1.3862942457199097,
        1.3862942457199097,
        1.3862940073013306,
        1.3862944841384888,
        1.3862942457199097,
        1.3862942457199097
      ],
      "accuracy": [
        0.24251070618629456,
        0.24251070618629456,
        0.24251070618629456,
        0.24251070618629456,
        0.24251070618629456,
        0.24251070618629456,
        0.24251070618629456,
        0.24251070618629456,
        0.24251070618629456,
        0.24251070618629456,
        0.24251070618629456
      ],
      "auc": [
        0.5,
        0.5,
        0.5,
        0.5,
        0.5,
        0.5,
        0.5,
        0.5,
        0.5,
        0.5,
        0.5
      ],
      "val_loss": [
        1.386293888092041,
        1.386293888092041,
        1.386293888092041,
        1.386293888092041,
        1.386293888092041,
        1.386293888092041,
        1.386293888092041,
        1.386293888092041,
        1.386293888092041,
        1.386293888092041,
        1.386293888092041
      ],
      "val_accuracy": [
        0.21833333373069763,
        0.21833333373069763,
        0.21833333373069763,
        0.21833333373069763,
        0.21833333373069763,
        0.21833333373069763,
        0.21833333373069763,
        0.21833333373069763,
        0.21833333373069763,
        0.21833333373069763,
        0.21833333373069763
      ],
      "val_auc": [
        0.5,
        0.5,
        0.5,
        0.5,
        0.5,
        0.5,
        0.5,
        0.5,
        0.5,
        0.5,
        0.5
      ],
      "lr": [
        9.999999747378752e-06,
        9.999999747378752e-06,
        9.999999747378752e-06,
        9.999999747378752e-06,
        9.999999747378752e-06,
        4.999999873689376e-06,
        4.999999873689376e-06,
        4.999999873689376e-06,
        4.999999873689376e-06,
        2.499999936844688e-06,
        2.499999936844688e-06
      ]
    }
  ]
}