{
  "model": "squeezenet",
  "display_name": "SqueezeNet 1.1 (scratch)",
  "run": 3,
  "checkpoint": "checkpoints\\squeezenet_run3_best.h5",
  "n_params": 724548,
  "model_size_mb": 2.88,
  "inference_ms_per_image": 0.9268,
  "accuracy": 0.2707641196013289,
  "auc_macro": 0.5,
  "f1_macro": 0.10653594771241831,
  "f1_weighted": 0.11538444835298461,
  "f1_per_class": {
    "Gerd": 0.42614379084967324,
    "Gerd_Normal": 0.0,
    "Polyp": 0.0,
    "Polyp_Normal": 0.0
  },
  "precision_macro": 0.06769102990033223,
  "recall_macro": 0.25,
  "confusion_matrix": [
    [
      163,
      0,
      0,
      0
    ],
    [
      155,
      0,
      0,
      0
    ],
    [
      120,
      0,
      0,
      0
    ],
    [
      164,
      0,
      0,
      0
    ]
  ]
}